added,collx_id,category,number,name,team,year,brand,set,flags,condition,front_image,back_image,market_value,asking_price,sold_for_price,purchase_price,location,notes,quantity
7/29/26,1121461509810849792,Baseball,628,New York Yankees,New York Yankees,2026,Topps,2026 Topps,,RAW,https://storage.googleapis.com/collx-product-images/1121461509810849792-1-CoWZ.jpg,https://storage.googleapis.com/collx-product-images/1121461509810849792-2-WZwQ.jpg,1.00,1,,,Donkey on Fire,,1
7/29/26,1121461510381275136,Baseball,527,Maikel Garcia,Kansas City Royals,2026,Topps,2026 Topps,,RAW,https://storage.googleapis.com/collx-product-images/1121461510381275136-1-sa3l.jpg,,0.99,1,,,Donkey on Fire,,1
7/29/26,1121461510934923264,Baseball,667,Kodai Senga,New York Mets,2026,Topps,2026 Topps,,RAW,https://storage.googleapis.com/collx-product-images/1121461510934923264-1-Jh4c.jpg,,1.00,1,,,Donkey on Fire,,1
7/29/26,1121461511522125824,Baseball,370,Brayan Rocchio,Cleveland Guardians,2026,Topps,2026 Topps,,RAW,https://storage.googleapis.com/collx-product-images/1121461511522125824-1-iP6O.jpg,,0.50,0.5,,,Donkey on Fire,,1
7/29/26,1121461512453261312,Baseball,441,Lars Nootbaar,St. Louis Cardinals,2026,Topps,2026 Topps,,RAW,https://storage.googleapis.com/collx-product-images/1121461512453261312-1-tmHs.jpg,,1.25,1.5,,,Donkey on Fire,,1
7/29/26,1121461513040463872,Baseball,515,Blaze Alexander,Baltimore Orioles,2026,Topps,2026 Topps,,RAW,https://storage.googleapis.com/collx-product-images/1121461513040463872-1-0Ws.jpg,https://storage.googleapis.com/collx-product-images/1121461513040463872-2-eqx.jpg,1.34,1.5,,,Donkey on Fire,,1
7/29/26,1121461513996765184,Baseball,499,D.C. Dudes (CJ Abrams / James Wood),Washington Nationals,2026,Topps,2026 Topps,,RAW,https://storage.googleapis.com/collx-product-images/1121461513996765184-1-bnNV.jpg,,0.31,0.5,,,Donkey on Fire,,1
7/29/26,1121461514575579136,Baseball,686,Carson Kelly,Chicago Cubs,2026,Topps,2026 Topps,,RAW,https://storage.googleapis.com/collx-product-images/1121461514575579136-1-bWXQ.jpg,,0.99,1,,,Donkey on Fire,,1
7/29/26,1121461515171170304,Baseball,563,Ji Hwan Bae,New York Mets,2026,Topps,2026 Topps,,RAW,https://storage.googleapis.com/collx-product-images/1121461515171170304-1-Vz9Q.jpg,,1.99,2,,,Donkey on Fire,,1
7/29/26,1121461500918925312,Baseball,466,Trevor McDonald,San Francisco Giants,2026,Topps,2026 Topps,,RAW,https://storage.googleapis.com/collx-product-images/1121461500918925312-1-bwcI.jpg,https://storage.googleapis.com/collx-product-images/1121461500918925312-2-WoRg.jpg,0.57,0.5,,,Donkey on Fire,,1
7/29/26,1121461501573236736,Baseball,396,Raisel Iglesias,Atlanta Braves,2026,Topps,2026 Topps,,RAW,https://storage.googleapis.com/collx-product-images/1121461501573236736-1-xPx1.jpg,https://storage.googleapis.com/collx-product-images/1121461501573236736-2-kJbh.jpg,0.20,0.25,,,Donkey on Fire,,1
7/29/26,1121461502185605120,Baseball,449,Sandy Alcantara,Miami Marlins,2026,Topps,2026 Topps,,RAW,https://storage.googleapis.com/collx-product-images/1121461502185605120-1-Pfo1.jpg,https://storage.googleapis.com/collx-product-images/1121461502185605120-2-zZZL.jpg,1.00,1,,,Donkey on Fire,,1
7/29/26,1121461503116740608,Baseball,514,Zac Veen,Colorado Rockies,2026,Topps,2026 Topps,,RAW,https://storage.googleapis.com/collx-product-images/1121461503116740608-1-I72l.jpg,https://storage.googleapis.com/collx-product-images/1121461503116740608-2-wSBa.jpg,0.43,0.5,,,Donkey on Fire,,1
7/29/26,1121461504039487488,Baseball,517,Stars Align (Mike Trout / Zach Neto),Los Angeles Angels,2026,Topps,2026 Topps,,RAW,https://storage.googleapis.com/collx-product-images/1121461504039487488-1-Vx0.jpg,https://storage.googleapis.com/collx-product-images/1121461504039487488-2-OGyo.jpg,0.66,0.5,,,Donkey on Fire,,1
7/29/26,1121461504593135616,Baseball,669,Randy Vásquez,San Diego Padres,2026,Topps,2026 Topps,,RAW,https://storage.googleapis.com/collx-product-images/1121461504593135616-1-cbFi.jpg,https://storage.googleapis.com/collx-product-images/1121461504593135616-2-t2hZ.jpg,0.43,0.5,,,Donkey on Fire,,1
7/29/26,1121461505515882496,Baseball,479,Muscle Men (Aaron Judge / Cody Bellinger),New York Yankees,2026,Topps,2026 Topps,,RAW,https://storage.googleapis.com/collx-product-images/1121461505515882496-1-lklW.jpg,https://storage.googleapis.com/collx-product-images/1121461505515882496-2-WeWA.jpg,1.18,1,,,Donkey on Fire,,1
7/29/26,1121461506077919232,Baseball,522,Miami Marlins,Miami Marlins,2026,Topps,2026 Topps,,RAW,https://storage.googleapis.com/collx-product-images/1121461506077919232-1-BvT.jpg,https://storage.googleapis.com/collx-product-images/1121461506077919232-2-02gn.jpg,0.50,0.5,,,Donkey on Fire,,1
7/29/26,1121461507034220544,Baseball,680,Carlos Correa,Houston Astros,2026,Topps,2026 Topps,,RAW,https://storage.googleapis.com/collx-product-images/1121461507034220544-1-CBBH.jpg,https://storage.googleapis.com/collx-product-images/1121461507034220544-2-pSxM.jpg,2.95,3,,,Donkey on Fire,,1
7/29/26,1121461508116350976,Baseball,670,Kyle Harrison,Milwaukee Brewers,2026,Topps,2026 Topps,,RAW,https://storage.googleapis.com/collx-product-images/1121461508116350976-1-DSnB.jpg,https://storage.googleapis.com/collx-product-images/1121461508116350976-2-rB4x.jpg,0.99,1,,,Donkey on Fire,,1
7/29/26,1121461508837771264,Baseball,489,James Outman,Minnesota Twins,2026,Topps,2026 Topps,,RAW,https://storage.googleapis.com/collx-product-images/1121461508837771264-1-ot5s.jpg,https://storage.googleapis.com/collx-product-images/1121461508837771264-2-Bp.jpg,1.00,1,,,Donkey on Fire,,1
7/29/26,1121461500298168320,Baseball,600,Juan Soto,New York Mets,2026,Topps,2026 Topps,,RAW,https://storage.googleapis.com/collx-product-images/1121461500298168320-1-Yfpa.jpg,https://storage.googleapis.com/collx-product-images/1121461500298168320-2-82oC.jpg,10.00,10,,,Donkey on Fire,,1
7/29/26,1121461417192228864,Baseball,506,Edwin Díaz,Los Angeles Dodgers,2026,Topps,2026 Topps,,RAW,https://storage.googleapis.com/collx-product-images/1121461417192228864-1-dgnd.jpg,,1.00,1,,,Donkey on Fire,,1
7/29/26,1121461418156918784,Baseball,504,Tanner Houck,Boston Red Sox,2026,Topps,2026 Topps,,RAW,https://storage.googleapis.com/collx-product-images/1121461418156918784-1-kUyZ.jpg,,1.35,1.5,,,Donkey on Fire,,1
7/29/26,1121461408644237312,Baseball,473,Bo Bichette,New York Mets,2026,Topps,2026 Topps,,RAW,https://storage.googleapis.com/collx-product-images/1121461408644237312-1-eyNd.jpg,https://storage.googleapis.com/collx-product-images/1121461408644237312-2-hE9R.jpg,2.25,2.5,,,Donkey on Fire,,1
7/29/26,1121461409374046208,Baseball,656,Aroldis Chapman,Boston Red Sox,2026,Topps,2026 Topps,,RAW,https://storage.googleapis.com/collx-product-images/1121461409374046208-1-heJ.jpg,https://storage.googleapis.com/collx-product-images/1121461409374046208-2-4yPI.jpg,1.49,1,,,Donkey on Fire,,1
7/29/26,1121461410036746240,Baseball,426,Matt Wallner,Minnesota Twins,2026,Topps,2026 Topps,,RAW,https://storage.googleapis.com/collx-product-images/1121461410036746240-1-Zr2O.jpg,https://storage.googleapis.com/collx-product-images/1121461410036746240-2-2VSz.jpg,0.90,1,,,Donkey on Fire,,1
7/29/26,1121461411127265280,Baseball,651,Abner Uribe,Milwaukee Brewers,2026,Topps,2026 Topps,,RAW,https://storage.googleapis.com/collx-product-images/1121461411127265280-1-ClqR.jpg,https://storage.googleapis.com/collx-product-images/1121461411127265280-2-aIVZ.jpg,0.99,1,,,Donkey on Fire,,1
7/29/26,1121461411831908352,Baseball,361,Davis Schneider,Toronto Blue Jays,2026,Topps,2026 Topps,,RAW,https://storage.googleapis.com/collx-product-images/1121461411831908352-1-Q2Rj.jpg,https://storage.googleapis.com/collx-product-images/1121461411831908352-2-MBIW.jpg,1.29,1.5,,,Donkey on Fire,,1
7/29/26,1121461412838541312,Baseball,576,Beantown Buds (Jarren Duran / Trevor Story),Boston Red Sox,2026,Topps,2026 Topps,,RAW,https://storage.googleapis.com/collx-product-images/1121461412838541312-1-Jki.jpg,https://storage.googleapis.com/collx-product-images/1121461412838541312-2-9RtN.jpg,0.45,0.5,,,Donkey on Fire,,1
7/29/26,1121461413929060352,Baseball,639,Reese Olson,Detroit Tigers,2026,Topps,2026 Topps,,RAW,https://storage.googleapis.com/collx-product-images/1121461413929060352-1-hDiJ.jpg,https://storage.googleapis.com/collx-product-images/1121461413929060352-2-npvo.jpg,0.71,1,,,Donkey on Fire,,1
7/29/26,1121461414625314816,Baseball,445,Michael Massey,Kansas City Royals,2026,Topps,2026 Topps,,RAW,https://storage.googleapis.com/collx-product-images/1121461414625314816-1-KQA4.jpg,https://storage.googleapis.com/collx-product-images/1121461414625314816-2-OVIx.jpg,0.50,0.5,,,Donkey on Fire,,1
7/29/26,1121461415371900928,Baseball,526,Masyn Winn,St. Louis Cardinals,2026,Topps,2026 Topps,,RAW,https://storage.googleapis.com/collx-product-images/1121461415371900928-1-U1ce.jpg,https://storage.googleapis.com/collx-product-images/1121461415371900928-2-uQac.jpg,2.25,2.5,,,Donkey on Fire,,1
7/29/26,1121461416168818688,Baseball,677,Wilyer Abreu,Boston Red Sox,2026,Topps,2026 Topps,,RAW,https://storage.googleapis.com/collx-product-images/1121461416168818688-1-vJos.jpg,https://storage.googleapis.com/collx-product-images/1121461416168818688-2-3J2t.jpg,0.99,1,,,Donkey on Fire,,1
7/29/26,1121461399911696384,Baseball,524,Emmet Sheehan,Los Angeles Dodgers,2026,Topps,2026 Topps,,RAW,https://storage.googleapis.com/collx-product-images/1121461399911696384-1-i2OA.jpg,https://storage.googleapis.com/collx-product-images/1121461399911696384-2-AEuL.jpg,0.99,1,,,Donkey on Fire,,1
7/29/26,1121461400935106560,Baseball,388,Yandy Díaz,Tampa Bay Rays,2026,Topps,2026 Topps,,RAW,https://storage.googleapis.com/collx-product-images/1121461400935106560-1-pzmo.jpg,https://storage.googleapis.com/collx-product-images/1121461400935106560-2-Dhkm.jpg,0.80,1,,,Donkey on Fire,,1
7/29/26,1121461401883019264,Baseball,551,Taylor Ward,Baltimore Orioles,2026,Topps,2026 Topps,,RAW,https://storage.googleapis.com/collx-product-images/1121461401883019264-1-jz2m.jpg,https://storage.googleapis.com/collx-product-images/1121461401883019264-2-dDi7.jpg,1.80,2,,,Donkey on Fire,,1
7/29/26,1121461402822543360,Baseball,569,Max Scherzer,Toronto Blue Jays,2026,Topps,2026 Topps,,RAW,https://storage.googleapis.com/collx-product-images/1121461402822543360-1-MKA.jpg,https://storage.googleapis.com/collx-product-images/1121461402822543360-2-V9JO.jpg,1.80,1.5,,,Donkey on Fire,,1
7/29/26,1121461403434911744,Baseball,606,Zebby Matthews,Minnesota Twins,2026,Topps,2026 Topps,,RAW,https://storage.googleapis.com/collx-product-images/1121461403434911744-1-3hcg.jpg,https://storage.googleapis.com/collx-product-images/1121461403434911744-2-AISA.jpg,1.19,1,,,Donkey on Fire,,1
7/29/26,1121461404022114304,Baseball,418,Cade Cavalli,Washington Nationals,2026,Topps,2026 Topps,,RAW,https://storage.googleapis.com/collx-product-images/1121461404022114304-1-DTr.jpg,https://storage.googleapis.com/collx-product-images/1121461404022114304-2-rujy.jpg,0.99,1,,,Donkey on Fire,,1
7/29/26,1121461404961638400,Baseball,384,Taijuan Walker,Philadelphia Phillies,2026,Topps,2026 Topps,,RAW,https://storage.googleapis.com/collx-product-images/1121461404961638400-1-Gsvy.jpg,https://storage.googleapis.com/collx-product-images/1121461404961638400-2-p1OX.jpg,,2,,,Donkey on Fire,,1
7/29/26,1121461405909551104,Baseball,428,Kris Bryant,Colorado Rockies,2026,Topps,2026 Topps,,RAW,https://storage.googleapis.com/collx-product-images/1121461405909551104-1-rzu.jpg,https://storage.googleapis.com/collx-product-images/1121461405909551104-2-prY.jpg,1.60,1.5,,,Donkey on Fire,,1
7/29/26,1121461406513530880,Baseball,464,Triston Casas,Boston Red Sox,2026,Topps,2026 Topps,,RAW,https://storage.googleapis.com/collx-product-images/1121461406513530880-1-f2Kw.jpg,https://storage.googleapis.com/collx-product-images/1121461406513530880-2-gUuW.jpg,0.88,1,,,Donkey on Fire,,1
7/29/26,1121461407679547392,Baseball,660,Edouard Julien,Colorado Rockies,2026,Topps,2026 Topps,,RAW,https://storage.googleapis.com/collx-product-images/1121461407679547392-1-GbHH.jpg,https://storage.googleapis.com/collx-product-images/1121461407679547392-2-ErSF.jpg,1.25,1.5,,,Donkey on Fire,,1
7/29/26,1121461397328005120,Baseball,645,Nasim Nuñez,Washington Nationals,2026,Topps,2026 Topps,,RAW,https://storage.googleapis.com/collx-product-images/1121461397328005120-1-obdG.jpg,https://storage.googleapis.com/collx-product-images/1121461397328005120-2-mtS0.jpg,0.30,0.5,,,Donkey on Fire,,1
7/29/26,1121461397965539328,Baseball,564,Tyler Soderstrom,Athletics,2026,Topps,2026 Topps,,RAW,https://storage.googleapis.com/collx-product-images/1121461397965539328-1-fAjJ.jpg,https://storage.googleapis.com/collx-product-images/1121461397965539328-2-H2.jpg,1.43,1.5,,,Donkey on Fire,,1
7/29/26,1121461399139944448,Baseball,414,Andy Pages,Los Angeles Dodgers,2026,Topps,2026 Topps,,RAW,https://storage.googleapis.com/collx-product-images/1121461399139944448-1-hENQ.jpg,https://storage.googleapis.com/collx-product-images/1121461399139944448-2-VJ62.jpg,1.15,1,,,Donkey on Fire,,1
7/29/26,1121461308266153984,Baseball,579,Brandon Lowe,Pittsburgh Pirates,2026,Topps,2026 Topps,,RAW,https://storage.googleapis.com/collx-product-images/1121461308266153984-1-06Cn.jpg,https://storage.googleapis.com/collx-product-images/1121461308266153984-2-UYEc.jpg,0.99,1,,,Donkey on Fire,,1
7/29/26,1121461308844967936,Baseball,419,Jared Jones,Pittsburgh Pirates,2026,Topps,2026 Topps,,RAW,https://storage.googleapis.com/collx-product-images/1121461308844967936-1-Z5HT.jpg,https://storage.googleapis.com/collx-product-images/1121461308844967936-2-bxyE.jpg,1.35,1.5,,,Donkey on Fire,,1
7/29/26,1121461309759326208,Baseball,459,Ketel Marte,Arizona Diamondbacks,2026,Topps,2026 Topps,,RAW,https://storage.googleapis.com/collx-product-images/1121461309759326208-1-pVex.jpg,https://storage.googleapis.com/collx-product-images/1121461309759326208-2-6O43.jpg,2.00,2,,,Donkey on Fire,,1
7/29/26,1121461310321362944,Baseball,368,Kyle Tucker,Los Angeles Dodgers,2026,Topps,2026 Topps,,RAW,https://storage.googleapis.com/collx-product-images/1121461310321362944-1-wHaU.jpg,https://storage.googleapis.com/collx-product-images/1121461310321362944-2-IzlS.jpg,2.24,2,,,Donkey on Fire,,1
7/29/26,1121461310891788288,Baseball,672,Yainer Diaz,Houston Astros,2026,Topps,2026 Topps - Gold,SN2026,RAW,https://storage.googleapis.com/collx-product-images/1121461310891788288-1-zZqv.jpg,https://storage.googleapis.com/collx-product-images/1121461310891788288-2-olNx.jpg,1.50,1.5,,,Donkey on Fire,,1
7/29/26,1121461311797757952,Baseball,495,Christian Walker,Houston Astros,2026,Topps,2026 Topps,,RAW,https://storage.googleapis.com/collx-product-images/1121461311797757952-1-HeNK.jpg,https://storage.googleapis.com/collx-product-images/1121461311797757952-2-Xjfm.jpg,0.99,1,,,Donkey on Fire,,1
7/29/26,1121461312401737728,Baseball,585,Ian Happ,Chicago Cubs,2026,Topps,2026 Topps,,RAW,https://storage.googleapis.com/collx-product-images/1121461312401737728-1-uexr.jpg,https://storage.googleapis.com/collx-product-images/1121461312401737728-2-bBSR.jpg,4.79,5,,,Donkey on Fire,,1
7/29/26,1121461312988940288,Baseball,586,Marcus Semien,New York Mets,2026,Topps,2026 Topps,,RAW,https://storage.googleapis.com/collx-product-images/1121461312988940288-1-phkA.jpg,https://storage.googleapis.com/collx-product-images/1121461312988940288-2-2nvn.jpg,1.08,1,,,Donkey on Fire,,1
7/29/26,1121461299441338368,Baseball,590,Austin Wynns,Athletics,2026,Topps,2026 Topps,,RAW,https://storage.googleapis.com/collx-product-images/1121461299441338368-1-sGO.jpg,https://storage.googleapis.com/collx-product-images/1121461299441338368-2-ctet.jpg,0.52,0.5,,,Donkey on Fire,,1
7/29/26,1121461300053706752,Baseball,460,Adrian Del Castillo,Arizona Diamondbacks,2026,Topps,2026 Topps,,RAW,https://storage.googleapis.com/collx-product-images/1121461300053706752-1-SmbH.jpg,https://storage.googleapis.com/collx-product-images/1121461300053706752-2-Udkt.jpg,0.75,1,,,Donkey on Fire,,1
7/29/26,1121461300615743488,Baseball,454,Josh Hader,Houston Astros,2026,Topps,2026 Topps,,RAW,https://storage.googleapis.com/collx-product-images/1121461300615743488-1-bN4l.jpg,https://storage.googleapis.com/collx-product-images/1121461300615743488-2-Dw5x.jpg,0.57,0.5,,,Donkey on Fire,,1
7/29/26,1121461301546878976,Baseball,540,Ryan Walker,San Francisco Giants,2026,Topps,2026 Topps,,RAW,https://storage.googleapis.com/collx-product-images/1121461301546878976-1-Rp3.jpg,https://storage.googleapis.com/collx-product-images/1121461301546878976-2-Sy9g.jpg,0.99,1,,,Donkey on Fire,,1
7/29/26,1121461302125692928,Baseball,698,Andre Pallante,St. Louis Cardinals,2026,Topps,2026 Topps,,RAW,https://storage.googleapis.com/collx-product-images/1121461302125692928-1-Zpqw.jpg,https://storage.googleapis.com/collx-product-images/1121461302125692928-2-wRsj.jpg,1.00,1,,,Donkey on Fire,,1
7/29/26,1121461302696118272,Baseball,423,Luis Robert Jr.,New York Mets,2026,Topps,2026 Topps,,RAW,https://storage.googleapis.com/collx-product-images/1121461302696118272-1-yhm.jpg,https://storage.googleapis.com/collx-product-images/1121461302696118272-2-98ae.jpg,1.06,1,,,Donkey on Fire,,1
7/29/26,1121461303249766400,Baseball,689,Kyle Isbel,Kansas City Royals,2026,Topps,2026 Topps,,RAW,https://storage.googleapis.com/collx-product-images/1121461303249766400-1-IKnj.jpg,https://storage.googleapis.com/collx-product-images/1121461303249766400-2-kRfN.jpg,,1,,,Donkey on Fire,,1
7/29/26,1121461303836968960,Baseball,638,Seth Lugo,Kansas City Royals,2026,Topps,2026 Topps,,RAW,https://storage.googleapis.com/collx-product-images/1121461303836968960-1-qzs.jpg,https://storage.googleapis.com/collx-product-images/1121461303836968960-2-YTbA.jpg,0.40,0.5,,,Donkey on Fire,,1
7/29/26,1121461304407394304,Baseball,432,Ryan Feltner,Colorado Rockies,2026,Topps,2026 Topps,,RAW,https://storage.googleapis.com/collx-product-images/1121461304407394304-1-FSGq.jpg,https://storage.googleapis.com/collx-product-images/1121461304407394304-2-EAJg.jpg,0.99,1,,,Donkey on Fire,,1
7/29/26,1121461304994596864,Baseball,589,Braxton Ashcraft,Pittsburgh Pirates,2026,Topps,2026 Topps,,RAW,https://storage.googleapis.com/collx-product-images/1121461304994596864-1-QNU.jpg,https://storage.googleapis.com/collx-product-images/1121461304994596864-2-hx4s.jpg,1.42,1.5,,,Donkey on Fire,,1
7/29/26,1121461305573410816,Baseball,546,Nick Fortes,Tampa Bay Rays,2026,Topps,2026 Topps,,RAW,https://storage.googleapis.com/collx-product-images/1121461305573410816-1-cC2m.jpg,https://storage.googleapis.com/collx-product-images/1121461305573410816-2-fTkW.jpg,0.01,0.25,,,Donkey on Fire,,1
7/29/26,1121461306127058944,Baseball,627,Gustavo Campero,Los Angeles Angels,2026,Topps,2026 Topps,,RAW,https://storage.googleapis.com/collx-product-images/1121461306127058944-1-bPsh.jpg,https://storage.googleapis.com/collx-product-images/1121461306127058944-2-6UX7.jpg,0.64,0.5,,,Donkey on Fire,,1
7/29/26,1121461306781370368,Baseball,375,Denzel Clarke,Athletics,2026,Topps,2026 Topps,,RAW,https://storage.googleapis.com/collx-product-images/1121461306781370368-1-boli.jpg,https://storage.googleapis.com/collx-product-images/1121461306781370368-2-OFr6.jpg,0.76,1,,,Donkey on Fire,,1
7/29/26,1121461307343407104,Baseball,663,Hyeseong Kim,Los Angeles Dodgers,2026,Topps,2026 Topps,,RAW,https://storage.googleapis.com/collx-product-images/1121461307343407104-1-j6Cd.jpg,https://storage.googleapis.com/collx-product-images/1121461307343407104-2-ZYP.jpg,0.99,1,,,Donkey on Fire,,1
7/29/26,1121461296958310400,Baseball,529,Griffin Conine,Miami Marlins,2026,Topps,2026 Topps,,RAW,https://storage.googleapis.com/collx-product-images/1121461296958310400-1-M3rW.jpg,https://storage.googleapis.com/collx-product-images/1121461296958310400-2-pxeW.jpg,0.05,0.25,,,Donkey on Fire,,1
7/29/26,1121461297939777536,Baseball,602,Shane McClanahan,Tampa Bay Rays,2026,Topps,2026 Topps,,RAW,https://storage.googleapis.com/collx-product-images/1121461297939777536-1-0O9d.jpg,https://storage.googleapis.com/collx-product-images/1121461297939777536-2-Js7x.jpg,1.12,1,,,Donkey on Fire,,1
7/29/26,1121461298501814272,Baseball,647,Kyle Bradish,Baltimore Orioles,2026,Topps,2026 Topps,,RAW,https://storage.googleapis.com/collx-product-images/1121461298501814272-1-C1PM.jpg,https://storage.googleapis.com/collx-product-images/1121461298501814272-2-IjkD.jpg,1.00,1,,,Donkey on Fire,,1
7/29/26,1121461207258925056,Baseball,625,Yoán Moncada,Los Angeles Angels,2026,Topps,2026 Topps,,RAW,https://storage.googleapis.com/collx-product-images/1121461207258925056-1-OlnH.jpg,https://storage.googleapis.com/collx-product-images/1121461207258925056-2-5cuN.jpg,1.29,1.5,,,Donkey on Fire,,1
7/29/26,1121461207837739008,Baseball,477,Jesús Sánchez,Toronto Blue Jays,2026,Topps,2026 Topps,,RAW,https://storage.googleapis.com/collx-product-images/1121461207837739008-1-hTL2.jpg,https://storage.googleapis.com/collx-product-images/1121461207837739008-2-I064.jpg,,0.5,,,Donkey on Fire,,1
7/29/26,1121461208768874496,Baseball,412,Robert Stephenson,Los Angeles Angels,2026,Topps,2026 Topps,,RAW,https://storage.googleapis.com/collx-product-images/1121461208768874496-1-LGD.jpg,https://storage.googleapis.com/collx-product-images/1121461208768874496-2-O3Sa.jpg,0.84,1,,,Donkey on Fire,,1
7/29/26,1121461209398020096,Baseball,556,Lance McCullers Jr.,Houston Astros,2026,Topps,2026 Topps,,RAW,https://storage.googleapis.com/collx-product-images/1121461209398020096-1-SNtQ.jpg,https://storage.googleapis.com/collx-product-images/1121461209398020096-2-FfCw.jpg,1.00,1,,,Donkey on Fire,,1
7/29/26,1121461210001999872,Baseball,360,Ben Joyce,Los Angeles Angels,2026,Topps,2026 Topps,,RAW,https://storage.googleapis.com/collx-product-images/1121461210001999872-1-XIuD.jpg,https://storage.googleapis.com/collx-product-images/1121461210001999872-2-Nur.jpg,0.88,1,,,Donkey on Fire,,1
7/29/26,1121461210580813824,Baseball,561,Matt Chapman,San Francisco Giants,2026,Topps,2026 Topps,,RAW,https://storage.googleapis.com/collx-product-images/1121461210580813824-1-UqhM.jpg,https://storage.googleapis.com/collx-product-images/1121461210580813824-2-sYcs.jpg,1.74,1.5,,,Donkey on Fire,,1
7/29/26,1121461211151239168,Baseball,444,Tanner Gordon,Colorado Rockies,2026,Topps,2026 Topps,,RAW,https://storage.googleapis.com/collx-product-images/1121461211151239168-1-keoc.jpg,https://storage.googleapis.com/collx-product-images/1121461211151239168-2-9qhS.jpg,0.49,0.5,,,Donkey on Fire,,1
7/29/26,1121461211721664512,Baseball,657,Freddy Peralta,New York Mets,2026,Topps,2026 Topps,,RAW,https://storage.googleapis.com/collx-product-images/1121461211721664512-1-EfIj.jpg,https://storage.googleapis.com/collx-product-images/1121461211721664512-2-OC8x.jpg,0.25,0.5,,,Donkey on Fire,,1
7/29/26,1121461212283701248,Baseball,422,Shane Bieber,Toronto Blue Jays,2026,Topps,2026 Topps,,RAW,https://storage.googleapis.com/collx-product-images/1121461212283701248-1-BOOu.jpg,https://storage.googleapis.com/collx-product-images/1121461212283701248-2-0Dc.jpg,1.06,1,,,Donkey on Fire,,1
7/29/26,1121461213189670912,Baseball,539,Lucas Erceg,Kansas City Royals,2026,Topps,2026 Topps,,RAW,https://storage.googleapis.com/collx-product-images/1121461213189670912-1-QiHo.jpg,https://storage.googleapis.com/collx-product-images/1121461213189670912-2-AMUw.jpg,0.50,8.5,,,Donkey on Fire,,1
7/29/26,1121461213751707648,Baseball,565,Jordan Walker,St. Louis Cardinals,2026,Topps,2026 Topps,,RAW,https://storage.googleapis.com/collx-product-images/1121461213751707648-1-8LgY.jpg,https://storage.googleapis.com/collx-product-images/1121461213751707648-2-nSNZ.jpg,2.80,3,,,Donkey on Fire,,1
7/29/26,1121461199163918336,Baseball,503,Munetaka Murakami,Chicago White Sox,2026,Topps,2026 Topps,RC,RAW,https://storage.googleapis.com/collx-product-images/1121461199163918336-1-GonU.jpg,https://storage.googleapis.com/collx-product-images/1121461199163918336-2-rhK6.jpg,1.50,1.5,,,Donkey on Fire,,1
7/29/26,1121461200262825984,Baseball,571,Kiké Hernández,Los Angeles Dodgers,2026,Topps,2026 Topps,,RAW,https://storage.googleapis.com/collx-product-images/1121461200262825984-1-kZqp.jpg,https://storage.googleapis.com/collx-product-images/1121461200262825984-2-9Be5.jpg,0.56,0.5,,,Donkey on Fire,,1
7/29/26,1121461200950691840,Baseball,621,Matthew Liberatore,St. Louis Cardinals,2026,Topps,2026 Topps - Gold,SN2026,RAW,https://storage.googleapis.com/collx-product-images/1121461200950691840-1-80A.jpg,https://storage.googleapis.com/collx-product-images/1121461200950691840-2-odf9.jpg,1.30,1.5,,,Donkey on Fire,,1
7/29/26,1121461201537894400,Baseball,643,Nick Lodolo,Cincinnati Reds,2026,Topps,2026 Topps,,RAW,https://storage.googleapis.com/collx-product-images/1121461201537894400-1-m3qL.jpg,https://storage.googleapis.com/collx-product-images/1121461201537894400-2-1XO6.jpg,2.00,1.5,,,Donkey on Fire,,1
7/29/26,1121461202133485568,Baseball,363,J.T. Realmuto,Philadelphia Phillies,2026,Topps,2026 Topps,,RAW,https://storage.googleapis.com/collx-product-images/1121461202133485568-1-Kqis.jpg,https://storage.googleapis.com/collx-product-images/1121461202133485568-2-X0Nf.jpg,3.25,3,,,Donkey on Fire,,1
7/29/26,1121461202796185600,Baseball,440,Ranger Suárez,Boston Red Sox,2026,Topps,2026 Topps,,RAW,https://storage.googleapis.com/collx-product-images/1121461202796185600-1-4ivK.jpg,https://storage.googleapis.com/collx-product-images/1121461202796185600-2-Ftk2.jpg,1.05,1,,,Donkey on Fire,,1
7/29/26,1121461203433719808,Baseball,430,Tyler Locklear,Arizona Diamondbacks,2026,Topps,2026 Topps,,RAW,https://storage.googleapis.com/collx-product-images/1121461203433719808-1-4g5.jpg,https://storage.googleapis.com/collx-product-images/1121461203433719808-2-OybE.jpg,1.99,2,,,Donkey on Fire,,1
7/29/26,1121461204029310976,Baseball,552,Merrill Kelly,Arizona Diamondbacks,2026,Topps,2026 Topps,,RAW,https://storage.googleapis.com/collx-product-images/1121461204029310976-1-3nML.jpg,https://storage.googleapis.com/collx-product-images/1121461204029310976-2-7gI.jpg,0.50,0.5,,,Donkey on Fire,,1
7/29/26,1121461204960446464,Baseball,533,Jasson Domínguez,New York Yankees,2026,Topps,2026 Topps,,RAW,https://storage.googleapis.com/collx-product-images/1121461204960446464-1-3q1Q.jpg,https://storage.googleapis.com/collx-product-images/1121461204960446464-2-ucPl.jpg,1.54,1.5,,,Donkey on Fire,,1
7/29/26,1121461205765752832,Baseball,676,Jorge Polanco,New York Mets,2026,Topps,2026 Topps,,RAW,https://storage.googleapis.com/collx-product-images/1121461205765752832-1-voH.jpg,https://storage.googleapis.com/collx-product-images/1121461205765752832-2-14Pe.jpg,0.25,0.5,,,Donkey on Fire,,1
7/29/26,1121461206696888320,Baseball,599,Cristian Javier,Houston Astros,2026,Topps,2026 Topps,,RAW,https://storage.googleapis.com/collx-product-images/1121461206696888320-1-WaeQ.jpg,https://storage.googleapis.com/collx-product-images/1121461206696888320-2-GBhA.jpg,1.12,1.5,,,Donkey on Fire,,1
7/29/26,1121461196940937216,Baseball,615,Taylor Rashi,Arizona Diamondbacks,2026,Topps,2026 Topps - Holo Foil,,RAW,https://storage.googleapis.com/collx-product-images/1121461196940937216-1-CJG.jpg,https://storage.googleapis.com/collx-product-images/1121461196940937216-2-KLSi.jpg,2.00,2,,,Donkey on Fire,,1
7/29/26,1121461197595248640,Baseball,398,Hunter Barco,Pittsburgh Pirates,2026,Topps,2026 Topps,RC,RAW,https://storage.googleapis.com/collx-product-images/1121461197595248640-1-GFQm.jpg,https://storage.googleapis.com/collx-product-images/1121461197595248640-2-KiCZ.jpg,1.25,1.5,,,Donkey on Fire,,1
7/29/26,1121461198358611968,Baseball,500,Shohei Ohtani,Los Angeles Dodgers,2026,Topps,2026 Topps,,RAW,https://storage.googleapis.com/collx-product-images/1121461198358611968-1-jw17.jpg,https://storage.googleapis.com/collx-product-images/1121461198358611968-2-N4cN.jpg,1.30,1.5,,,Donkey on Fire,,1
7/29/26,1121461081278810112,Baseball,668,Petey Halpin,Cleveland Guardians,2026,Topps,2026 Topps,RC,RAW,https://storage.googleapis.com/collx-product-images/1121461081278810112-1-rE8j.jpg,https://storage.googleapis.com/collx-product-images/1121461081278810112-2-MTK1.jpg,1.26,1.5,,,Donkey on Fire,,1
7/29/26,1121461082285443072,Baseball,406,Bryce Eldridge,San Francisco Giants,2026,Topps,2026 Topps,RC,RAW,https://storage.googleapis.com/collx-product-images/1121461082285443072-1-VmAN.jpg,https://storage.googleapis.com/collx-product-images/1121461082285443072-2-p05R.jpg,1.00,3,,,Donkey on Fire,,1
7/29/26,1121461082922977280,Baseball,374,Kevin Alcántara,Chicago Cubs,2026,Topps,2026 Topps,,RAW,https://storage.googleapis.com/collx-product-images/1121461082922977280-1-5uM.jpg,https://storage.googleapis.com/collx-product-images/1121461082922977280-2-9LxY.jpg,1.10,1,,,Donkey on Fire,,1
7/29/26,1121461083904444416,Baseball,578,Heriberto Hernández,Miami Marlins,2026,Topps,2026 Topps,RC,RAW,https://storage.googleapis.com/collx-product-images/1121461083904444416-1-gGrv.jpg,https://storage.googleapis.com/collx-product-images/1121461083904444416-2-z5J4.jpg,0.79,1,,,Donkey on Fire,,1
7/29/26,1121461072932145152,Baseball,405,PJ Poulin,Washington Nationals,2026,Topps,2026 Topps,RC,RAW,https://storage.googleapis.com/collx-product-images/1121461072932145152-1-qdNx.jpg,https://storage.googleapis.com/collx-product-images/1121461072932145152-2-bpWT.jpg,0.99,1,,,Donkey on Fire,,1
7/29/26,1121461073561290752,Baseball,604,Jake Bauers,Milwaukee Brewers,2026,Topps,2026 Topps - Holo Foil,,RAW,https://storage.googleapis.com/collx-product-images/1121461073561290752-1-Ey18.jpg,https://storage.googleapis.com/collx-product-images/1121461073561290752-2-5DWK.jpg,0.99,2,,,Donkey on Fire,,1
7/29/26,1121461074165270528,Baseball,91B2-46,Ted Williams,Boston Red Sox,2026,Topps,2026 Topps - 1991 Topps Baseball 35th Anniversary (Series Two),,RAW,https://storage.googleapis.com/collx-product-images/1121461074165270528-1-ckQD.jpg,https://storage.googleapis.com/collx-product-images/1121461074165270528-2-jYSz.jpg,1.94,2,,,Donkey on Fire,,1
7/29/26,1121461074752473088,Baseball,520,Andrew Alvarez,Washington Nationals,2026,Topps,2026 Topps,RC,RAW,https://storage.googleapis.com/collx-product-images/1121461074752473088-1-vTww.jpg,https://storage.googleapis.com/collx-product-images/1121461074752473088-2-qK7Z.jpg,1.00,1,,,Donkey on Fire,,1
7/29/26,1121461075356452864,Baseball,620,Trey Yesavage,Toronto Blue Jays,2026,Topps,2026 Topps,RC,RAW,https://storage.googleapis.com/collx-product-images/1121461075356452864-1-FEwE.jpg,https://storage.googleapis.com/collx-product-images/1121461075356452864-2-1Eef.jpg,2.31,2.5,,,Donkey on Fire,,1
7/29/26,1121461076304365568,Baseball,385,Nick Raquet,St. Louis Cardinals,2026,Topps,2026 Topps,RC,RAW,https://storage.googleapis.com/collx-product-images/1121461076304365568-1-gOv3.jpg,https://storage.googleapis.com/collx-product-images/1121461076304365568-2-mZNu.jpg,1.15,1,,,Donkey on Fire,,1
7/29/26,1121461076849625088,Baseball,461,Noah Cameron,Kansas City Royals,2026,Topps,2026 Topps,,RAW,https://storage.googleapis.com/collx-product-images/1121461076849625088-1-3nTm.jpg,https://storage.googleapis.com/collx-product-images/1121461076849625088-2-O9DY.jpg,1.60,1.5,,,Donkey on Fire,,1
7/29/26,1121461077805926400,Baseball,494,Jake Palisch,Chicago White Sox,2026,Topps,2026 Topps,RC,RAW,https://storage.googleapis.com/collx-product-images/1121461077805926400-1-oxJe.jpg,https://storage.googleapis.com/collx-product-images/1121461077805926400-2-YRs.jpg,0.87,1,,,Donkey on Fire,,1
7/29/26,1121461078418294784,Baseball,666,Nolan Hoffman,Philadelphia Phillies,2026,Topps,2026 Topps,RC,RAW,https://storage.googleapis.com/collx-product-images/1121461078418294784-1-Miaj.jpg,https://storage.googleapis.com/collx-product-images/1121461078418294784-2-vlwq.jpg,0.50,0.5,,,Donkey on Fire,,1
7/29/26,1121461079022274560,Baseball,611,Paul Gervase,Los Angeles Dodgers,2026,Topps,2026 Topps,RC,RAW,https://storage.googleapis.com/collx-product-images/1121461079022274560-1-nJzr.jpg,https://storage.googleapis.com/collx-product-images/1121461079022274560-2-FNPq.jpg,0.99,1,,,Donkey on Fire,,1
7/29/26,1121461079659808768,Baseball,FP-12,Yandel,Tampa Bay Rays,2026,Topps,2026 Topps - First Pitch,,RAW,https://storage.googleapis.com/collx-product-images/1121461079659808768-1-ocWo.jpg,https://storage.googleapis.com/collx-product-images/1121461079659808768-2-nYAU.jpg,0.99,1.5,,,Donkey on Fire,,1
7/29/26,1121461080666441728,Baseball,608,Cody Laweryson,Minnesota Twins,2026,Topps,2026 Topps,RC,RAW,https://storage.googleapis.com/collx-product-images/1121461080666441728-1-lGds.jpg,https://storage.googleapis.com/collx-product-images/1121461080666441728-2-bnpe.jpg,1.50,1.5,,,Donkey on Fire,,1
7/29/26,1121461066078652416,Baseball,SMLB-60,Brady House,Washington Nationals,2026,Topps,2026 Topps - Stars of MLB,,RAW,https://storage.googleapis.com/collx-product-images/1121461066078652416-1-H1x.jpg,https://storage.googleapis.com/collx-product-images/1121461066078652416-2-Dec.jpg,1.04,1,,,Donkey on Fire,,1
7/29/26,1121461066682632192,Baseball,TOG-32,Francisco Lindor,New York Mets,2026,Topps,2026 Topps - Titans of the Game,,RAW,https://storage.googleapis.com/collx-product-images/1121461066682632192-1-JwbJ.jpg,https://storage.googleapis.com/collx-product-images/1121461066682632192-2-gke.jpg,0.80,1,,,Donkey on Fire,,1
7/29/26,1121461067613767680,Baseball,TOG-30,Alex Freeland,Los Angeles Dodgers,2026,Topps,2026 Topps - Titans of the Game,,RAW,https://storage.googleapis.com/collx-product-images/1121461067613767680-1-LIj0.jpg,https://storage.googleapis.com/collx-product-images/1121461067613767680-2-9vsg.jpg,1.07,1,,,Donkey on Fire,,1
7/29/26,1121461068553291776,Baseball,GW-50,Bill Mazeroski,Pittsburgh Pirates,2026,Topps,2026 Topps - Glove Work,,RAW,https://storage.googleapis.com/collx-product-images/1121461068553291776-1-aEk5.jpg,https://storage.googleapis.com/collx-product-images/1121461068553291776-2-gy2z.jpg,1.57,1.5,,,Donkey on Fire,,1
7/29/26,1121461069123717120,Baseball,SMLB-57,Carson Williams,Tampa Bay Rays,2026,Topps,2026 Topps - Stars of MLB Crackle Foil,,RAW,https://storage.googleapis.com/collx-product-images/1121461069123717120-1-eCLj.jpg,https://storage.googleapis.com/collx-product-images/1121461069123717120-2-iFFX.jpg,3.99,4,,,Donkey on Fire,,1
7/29/26,1121461069694142464,Baseball,584,Moisés Ballesteros,Chicago Cubs,2026,Topps,2026 Topps,,RAW,https://storage.googleapis.com/collx-product-images/1121461069694142464-1-CC5u.jpg,https://storage.googleapis.com/collx-product-images/1121461069694142464-2-KDEM.jpg,0.99,1,,,Donkey on Fire,,1
7/29/26,1121461070272956416,Baseball,583,Josh Simpson,Miami Marlins,2026,Topps,2026 Topps,RC,RAW,https://storage.googleapis.com/collx-product-images/1121461070272956416-1-Kypm.jpg,https://storage.googleapis.com/collx-product-images/1121461070272956416-2-qNGs.jpg,0.50,0.5,,,Donkey on Fire,,1
7/29/26,1121461070851770368,Baseball,387,Drew Sommers,Detroit Tigers,2026,Topps,2026 Topps,RC,RAW,https://storage.googleapis.com/collx-product-images/1121461070851770368-1-blmH.jpg,https://storage.googleapis.com/collx-product-images/1121461070851770368-2-l4Lt.jpg,0.99,1,,,Donkey on Fire,,1
7/29/26,1121461071908734976,Baseball,665,Jose Corniell,Texas Rangers,2026,Topps,2026 Topps,RC,RAW,https://storage.googleapis.com/collx-product-images/1121461071908734976-1-iJiR.jpg,https://storage.googleapis.com/collx-product-images/1121461071908734976-2-HTcm.jpg,1.75,2,,,Donkey on Fire,,1
7/29/26,1121460854887057408,Baseball,TOG-24,Colson Montgomery,Chicago White Sox,2026,Topps,2026 Topps - Titans of the Game,,RAW,https://storage.googleapis.com/collx-product-images/1121460854887057408-1-PMn.jpg,https://storage.googleapis.com/collx-product-images/1121460854887057408-2-5pHU.jpg,1.01,1,,,Donkey on Fire,,1
7/29/26,1121460855818192896,Baseball,SMLB-38,Sal Stewart,Cincinnati Reds,2026,Topps,2026 Topps - Stars of MLB,,RAW,https://storage.googleapis.com/collx-product-images/1121460855818192896-1-2HWy.jpg,https://storage.googleapis.com/collx-product-images/1121460855818192896-2-n5Lt.jpg,0.93,1,,,Donkey on Fire,,1
7/29/26,1121460846993377280,Baseball,355,Mark Langston,Seattle Mariners,1989,Topps,1989 Topps,,RAW,https://storage.googleapis.com/collx-product-images/1121460846993377280-1-eNPO.jpg,https://storage.googleapis.com/collx-product-images/1121460846993377280-2-Iwfo.jpg,1.25,1.5,,,Donkey on Fire,,1
7/29/26,1121460847588968448,Baseball,738,Darnell Coles,Seattle Mariners,1989,Topps,1989 Topps,,RAW,https://storage.googleapis.com/collx-product-images/1121460847588968448-1-oKCZ.jpg,https://storage.googleapis.com/collx-product-images/1121460847588968448-2-N0q1.jpg,1.29,1.5,,,Donkey on Fire,,1
7/29/26,1121460848192948224,Baseball,758,Gene Walter,Seattle Mariners,1989,Topps,1989 Topps,,RAW,https://storage.googleapis.com/collx-product-images/1121460848192948224-1-K8PJ.jpg,https://storage.googleapis.com/collx-product-images/1121460848192948224-2-HaD8.jpg,0.05,0.25,,,Donkey on Fire,,1
7/29/26,1121460848763373568,Baseball,636,Bill Wilkinson,Seattle Mariners,1989,Topps,1989 Topps,,RAW,https://storage.googleapis.com/collx-product-images/1121460848763373568-1-y9zI.jpg,https://storage.googleapis.com/collx-product-images/1121460848763373568-2-ydMA.jpg,1.29,1.5,,,Donkey on Fire,,1
7/29/26,1121460849686120448,Baseball,169,Mike Jackson,Seattle Mariners,1989,Topps,1989 Topps,,RAW,https://storage.googleapis.com/collx-product-images/1121460849686120448-1-BtPj.jpg,https://storage.googleapis.com/collx-product-images/1121460849686120448-2-B5ah.jpg,0.05,0.25,,,Donkey on Fire,,1
7/29/26,1121460850273323008,Baseball,498,Dave Valle,Seattle Mariners,1989,Topps,1989 Topps,,RAW,https://storage.googleapis.com/collx-product-images/1121460850273323008-1-QMOt.jpg,https://storage.googleapis.com/collx-product-images/1121460850273323008-2-V5sO.jpg,0.99,1,,,Donkey on Fire,,1
7/29/26,1121460850860525568,Baseball,246,Rey Quinones,Seattle Mariners,1989,Topps,1989 Topps,,RAW,https://storage.googleapis.com/collx-product-images/1121460850860525568-1-5QuE.jpg,https://storage.googleapis.com/collx-product-images/1121460850860525568-2-HWzd.jpg,1.39,1.5,,,Donkey on Fire,,1
7/29/26,1121460851464505344,Baseball,459,Mariners Leaders,Seattle Mariners,1989,Topps,1989 Topps,,RAW,https://storage.googleapis.com/collx-product-images/1121460851464505344-1-1Hjq.jpg,https://storage.googleapis.com/collx-product-images/1121460851464505344-2-Cl6a.jpg,0.23,0.25,,,Donkey on Fire,,1
7/29/26,1121460852026542080,Baseball,586,Justin Turner,Seattle Mariners,2024,Topps,2024 Topps Heritage - Aqua Border,,RAW,https://storage.googleapis.com/collx-product-images/1121460852026542080-1-zwD.jpg,https://storage.googleapis.com/collx-product-images/1121460852026542080-2-jkyk.jpg,1.03,1,,,Donkey on Fire,,1
7/29/26,1121460853033175040,Baseball,SMLB-33,Dylan Beavers,Baltimore Orioles,2026,Topps,2026 Topps - Stars of MLB Crackle Foil,,RAW,https://storage.googleapis.com/collx-product-images/1121460853033175040-1-5eOz.jpg,https://storage.googleapis.com/collx-product-images/1121460853033175040-2-66v5.jpg,,2,,,Donkey on Fire,,1
7/29/26,1121460853687486464,Baseball,SMLB-40,Riley Greene,Detroit Tigers,2026,Topps,2026 Topps - Stars of MLB Crackle Foil,,RAW,https://storage.googleapis.com/collx-product-images/1121460853687486464-1-y6tY.jpg,https://storage.googleapis.com/collx-product-images/1121460853687486464-2-pGry.jpg,1.41,1.5,,,Donkey on Fire,,1
7/29/26,1121460854308243456,Baseball,TOG-33,Nolan McLean,New York Mets,2026,Topps,2026 Topps - Titans of the Game,,RAW,https://storage.googleapis.com/collx-product-images/1121460854308243456-1-OHTP.jpg,https://storage.googleapis.com/collx-product-images/1121460854308243456-2-OJX.jpg,1.00,1,,,Donkey on Fire,,1
7/29/26,1121460838629935104,Baseball,498,Dave Valle,Seattle Mariners,1989,Topps,1989 Topps,,RAW,https://storage.googleapis.com/collx-product-images/1121460838629935104-1-Zeab.jpg,https://storage.googleapis.com/collx-product-images/1121460838629935104-2-eUtV.jpg,0.99,1,,,Donkey on Fire,,1
7/29/26,1121460839292635136,Baseball,568,Mickey Brantley,Seattle Mariners,1989,Topps,1989 Topps,,RAW,https://storage.googleapis.com/collx-product-images/1121460839292635136-1-gkt.jpg,https://storage.googleapis.com/collx-product-images/1121460839292635136-2-Zvvi.jpg,0.07,0.25,,,Donkey on Fire,,1
7/29/26,1121460839896614912,Baseball,309,Mario Diaz,Seattle Mariners,1989,Topps,1989 Topps,,RAW,https://storage.googleapis.com/collx-product-images/1121460839896614912-1-bkMO.jpg,https://storage.googleapis.com/collx-product-images/1121460839896614912-2-rhYt.jpg,0.06,0.25,,,Donkey on Fire,,1
7/29/26,1121460840500594688,Baseball,441,Jerry Reed,Seattle Mariners,1989,Topps,1989 Topps,,RAW,https://storage.googleapis.com/collx-product-images/1121460840500594688-1-XWG8.jpg,https://storage.googleapis.com/collx-product-images/1121460840500594688-2-zpLY.jpg,1.19,1,,,Donkey on Fire,,1
7/29/26,1121460841112963072,Baseball,112,Jim Presley,Seattle Mariners,1989,Topps,1989 Topps,,RAW,https://storage.googleapis.com/collx-product-images/1121460841112963072-1-YPK.jpg,https://storage.googleapis.com/collx-product-images/1121460841112963072-2-zaJ.jpg,4.00,4,,,Donkey on Fire,,1
7/29/26,1121460841708554240,Baseball,468,Henry Cotto,Seattle Mariners,1989,Topps,1989 Topps,,RAW,https://storage.googleapis.com/collx-product-images/1121460841708554240-1-EfoQ.jpg,https://storage.googleapis.com/collx-product-images/1121460841708554240-2-3qz5.jpg,1.69,1.5,,,Donkey on Fire,,1
7/29/26,1121460842295756800,Baseball,199,Mike Schooler,Seattle Mariners,1989,Topps,1989 Topps,RC,RAW,https://storage.googleapis.com/collx-product-images/1121460842295756800-1-Nnd.jpg,https://storage.googleapis.com/collx-product-images/1121460842295756800-2-yqj.jpg,1.49,1.5,,,Donkey on Fire,,1
7/29/26,1121460843235280896,Baseball,712,Bill Swift,Seattle Mariners,1989,Topps,1989 Topps,,RAW,https://storage.googleapis.com/collx-product-images/1121460843235280896-1-P49h.jpg,https://storage.googleapis.com/collx-product-images/1121460843235280896-2-UTzW.jpg,0.42,0.5,,,Donkey on Fire,,1
7/29/26,1121460844174804992,Baseball,781,Greg Briley,Seattle Mariners,1989,Topps,1989 Topps,RC,RAW,https://storage.googleapis.com/collx-product-images/1121460844174804992-1-xEY1.jpg,https://storage.googleapis.com/collx-product-images/1121460844174804992-2-ccR4.jpg,1.25,1.5,,,Donkey on Fire,,1
7/29/26,1121460845206603776,Baseball,712,Bill Swift,Seattle Mariners,1989,Topps,1989 Topps,,RAW,https://storage.googleapis.com/collx-product-images/1121460845206603776-1-Caes.jpg,https://storage.googleapis.com/collx-product-images/1121460845206603776-2-xnIc.jpg,0.42,0.5,,,Donkey on Fire,,1
7/29/26,1121460845986744320,Baseball,223,Jay Buhner,Seattle Mariners,1989,Topps,1989 Topps,,RAW,https://storage.googleapis.com/collx-product-images/1121460845986744320-1-Zg3Z.jpg,https://storage.googleapis.com/collx-product-images/1121460845986744320-2-c3qg.jpg,1.00,1,,,Donkey on Fire,,1
7/29/26,1121460754425088000,Baseball,522,Randy Kramer,Pittsburgh Pirates,1989,Topps,1989 Topps,RC,RAW,https://storage.googleapis.com/collx-product-images/1121460754425088000-1-Sfd.jpg,https://storage.googleapis.com/collx-product-images/1121460754425088000-2-El1.jpg,0.05,0.25,,,Donkey on Fire,,1
7/29/26,1121460755356223488,Baseball,756,Scott Medvin,Pittsburgh Pirates,1989,Topps,1989 Topps,RC,RAW,https://storage.googleapis.com/collx-product-images/1121460755356223488-1-bcPJ.jpg,https://storage.googleapis.com/collx-product-images/1121460755356223488-2-f4qs.jpg,1.36,1.5,,,Donkey on Fire,,1
7/29/26,1121460755935037440,Baseball,79,Scott Bankhead,Seattle Mariners,1989,Topps,1989 Topps,,RAW,https://storage.googleapis.com/collx-product-images/1121460755935037440-1-DgkG.jpg,https://storage.googleapis.com/collx-product-images/1121460755935037440-2-gEYa.jpg,0.39,0.5,,,Donkey on Fire,,1
7/29/26,1121460745709324288,Baseball,235,Robbie Ray,Seattle Mariners,2023,Topps,2023 Topps - Blue Star,,RAW,https://storage.googleapis.com/collx-product-images/1121460745709324288-1-JqcR.jpg,https://storage.googleapis.com/collx-product-images/1121460745709324288-2-yQjQ.jpg,0.98,1,,,Donkey on Fire,,1
7/29/26,1121460746288138240,Baseball,207,Paul Sewald,Seattle Mariners,2023,Topps,2023 Topps - Gold Star,,RAW,https://storage.googleapis.com/collx-product-images/1121460746288138240-1-5lp1.jpg,https://storage.googleapis.com/collx-product-images/1121460746288138240-2-BDyS.jpg,0.75,1,,,Donkey on Fire,,1
7/29/26,1121460746850174976,Baseball,144,Marco Gonzales,Seattle Mariners,2023,Topps,2023 Topps,,RAW,https://storage.googleapis.com/collx-product-images/1121460746850174976-1-QmF7.jpg,https://storage.googleapis.com/collx-product-images/1121460746850174976-2-JtcK.jpg,1.49,1.5,,,Donkey on Fire,,1
7/29/26,1121460747521263616,Baseball,49,Mitch Haniger,Seattle Mariners,2023,Topps,2023 Topps,,RAW,https://storage.googleapis.com/collx-product-images/1121460747521263616-1-9SG8.jpg,https://storage.googleapis.com/collx-product-images/1121460747521263616-2-aIAB.jpg,0.89,1,,,Donkey on Fire,,1
7/29/26,1121460748460787712,Baseball,514,Colin Moran,Seattle Mariners,2023,Topps,2023 Topps,,RAW,https://storage.googleapis.com/collx-product-images/1121460748460787712-1-wKhg.jpg,https://storage.googleapis.com/collx-product-images/1121460748460787712-2-NYmw.jpg,1.99,2,,,Donkey on Fire,,1
7/29/26,1121460749014435840,Baseball,454,A.J. Pollock,Seattle Mariners,2023,Topps,2023 Topps,,RAW,https://storage.googleapis.com/collx-product-images/1121460749014435840-1-i3T.jpg,https://storage.googleapis.com/collx-product-images/1121460749014435840-2-ja3P.jpg,0.99,1,,,Donkey on Fire,,1
7/29/26,1121460749945571328,Baseball,436,Eugenio Suárez,Seattle Mariners,2023,Topps,2023 Topps,,RAW,https://storage.googleapis.com/collx-product-images/1121460749945571328-1-ZoDv.jpg,https://storage.googleapis.com/collx-product-images/1121460749945571328-2-xYHZ.jpg,0.16,0.25,,,Donkey on Fire,,1
7/29/26,1121460750885095424,Baseball,626,Ty France,Seattle Mariners,2023,Topps,2023 Topps,,RAW,https://storage.googleapis.com/collx-product-images/1121460750885095424-1-4KZz.jpg,https://storage.googleapis.com/collx-product-images/1121460750885095424-2-mSum.jpg,0.99,1,,,Donkey on Fire,,1
7/29/26,1121460751841396736,Baseball,407,Kolten Wong,Seattle Mariners,2023,Topps,2023 Topps,,RAW,https://storage.googleapis.com/collx-product-images/1121460751841396736-1-wfrN.jpg,https://storage.googleapis.com/collx-product-images/1121460751841396736-2-v1yL.jpg,1.79,2,,,Donkey on Fire,,1
7/29/26,1121460752504096768,Baseball,138,Marcus Wilson,Seattle Mariners,2023,Topps,2023 Topps,RC,RAW,https://storage.googleapis.com/collx-product-images/1121460752504096768-1-OHCd.jpg,https://storage.googleapis.com/collx-product-images/1121460752504096768-2-cmZ9.jpg,0.99,1,,,Donkey on Fire,,1
7/29/26,1121460753183574016,Baseball,361,Jorge Polanco,Seattle Mariners,2025,Topps,2025 Topps,,RAW,https://storage.googleapis.com/collx-product-images/1121460753183574016-1-ObWZ.jpg,https://storage.googleapis.com/collx-product-images/1121460753183574016-2-DndO.jpg,0.99,1,,,Donkey on Fire,,1
7/29/26,1121460753779165184,Baseball,306,Jesse Winker,Seattle Mariners,2023,Topps,2023 Topps,,RAW,https://storage.googleapis.com/collx-product-images/1121460753779165184-1-vgDU.jpg,https://storage.googleapis.com/collx-product-images/1121460753779165184-2-3VK.jpg,1.45,1.5,,,Donkey on Fire,,1
7/29/26,1121460738570618880,Baseball,36,Nick Yorke,Pittsburgh Pirates,2025,Topps,2025 Topps Chrome,RC,RAW,https://storage.googleapis.com/collx-product-images/1121460738570618880-1-Yrtn.jpg,https://storage.googleapis.com/collx-product-images/1121460738570618880-2-wCxP.jpg,1.49,1.5,,,Donkey on Fire,,1
7/29/26,1121460739149432832,Baseball,638,Bryan Reynolds,Pittsburgh Pirates,2025,Topps,2025 Topps,,RAW,https://storage.googleapis.com/collx-product-images/1121460739149432832-1-AKZs.jpg,https://storage.googleapis.com/collx-product-images/1121460739149432832-2-WUVU.jpg,4.00,4,,,Donkey on Fire,,1
7/29/26,1121460740097345536,Baseball,564,Endy Rodríguez,Pittsburgh Pirates,2025,Topps,2025 Topps,,RAW,https://storage.googleapis.com/collx-product-images/1121460740097345536-1-Hj3j.jpg,https://storage.googleapis.com/collx-product-images/1121460740097345536-2-YGVt.jpg,0.99,1,,,Donkey on Fire,,1
7/29/26,1121460741003315200,Baseball,480,Joey Bart,Pittsburgh Pirates,2025,Topps,2025 Topps,,RAW,https://storage.googleapis.com/collx-product-images/1121460741003315200-1-QC1o.jpg,https://storage.googleapis.com/collx-product-images/1121460741003315200-2-9iw.jpg,0.06,0.25,,,Donkey on Fire,,1
7/29/26,1121460741640849408,Baseball,541,Jared Jones,Pittsburgh Pirates,2025,Topps,2025 Topps,,RAW,https://storage.googleapis.com/collx-product-images/1121460741640849408-1-9gBj.jpg,https://storage.googleapis.com/collx-product-images/1121460741640849408-2-0WNz.jpg,1.01,1,,,Donkey on Fire,,1
7/29/26,1121460742286772224,Baseball,168,Connor Joe,Pittsburgh Pirates,2025,Topps,2025 Topps,,RAW,https://storage.googleapis.com/collx-product-images/1121460742286772224-1-URGa.jpg,https://storage.googleapis.com/collx-product-images/1121460742286772224-2-dnFU.jpg,1.00,1,,,Donkey on Fire,,1
7/29/26,1121460743217907712,Baseball,626,Ty France,Seattle Mariners,2023,Topps,2023 Topps,,RAW,https://storage.googleapis.com/collx-product-images/1121460743217907712-1-h2EL.jpg,https://storage.googleapis.com/collx-product-images/1121460743217907712-2-ai2V.jpg,0.99,1,,,Donkey on Fire,,1
7/29/26,1121460743830276096,Baseball,235,Robbie Ray,Seattle Mariners,2023,Topps,2023 Topps,,RAW,https://storage.googleapis.com/collx-product-images/1121460743830276096-1-carI.jpg,https://storage.googleapis.com/collx-product-images/1121460743830276096-2-QbOf.jpg,0.99,1,,,Donkey on Fire,,1
7/29/26,1121460744492976128,Baseball,436,Eugenio Suárez,Seattle Mariners,2023,Topps,2023 Topps,,RAW,https://storage.googleapis.com/collx-product-images/1121460744492976128-1-NxJI.jpg,https://storage.googleapis.com/collx-product-images/1121460744492976128-2-YyJF.jpg,0.16,0.25,,,Donkey on Fire,,1
7/29/26,1121460745122121728,Baseball,297,Abraham Toro,Seattle Mariners,2023,Topps,2023 Topps - Gold,SN2023,RAW,https://storage.googleapis.com/collx-product-images/1121460745122121728-1-2BjZ.jpg,https://storage.googleapis.com/collx-product-images/1121460745122121728-2-ffoG.jpg,1.25,1.5,,,Donkey on Fire,,1
7/29/26,1121460653778569216,Baseball,196,Ke’Bryan Hayes,Pittsburgh Pirates,2025,Topps,2025 Topps Chrome,,RAW,https://storage.googleapis.com/collx-product-images/1121460653778569216-1-MeJm.jpg,https://storage.googleapis.com/collx-product-images/1121460653778569216-2-qFKo.jpg,0.44,0.5,,,Donkey on Fire,,1
7/29/26,1121460654399326208,Baseball,273,Billy Cook,Pittsburgh Pirates,2025,Topps,2025 Topps Chrome,RC,RAW,https://storage.googleapis.com/collx-product-images/1121460654399326208-1-xH6t.jpg,https://storage.googleapis.com/collx-product-images/1121460654399326208-2-i9RW.jpg,1.25,1.5,,,Donkey on Fire,,1
7/29/26,1121460655053637632,Baseball,273,Billy Cook,Pittsburgh Pirates,2025,Topps,2025 Topps Chrome - Refractors,RC,RAW,https://storage.googleapis.com/collx-product-images/1121460655053637632-1-xQw0.jpg,https://storage.googleapis.com/collx-product-images/1121460655053637632-2-TzQQ.jpg,0.25,0.5,,,Donkey on Fire,,1
7/29/26,1121460655615674368,Baseball,243,Spencer Horwitz,Pittsburgh Pirates,2025,Topps,2025 Topps Chrome - Refractors,,RAW,https://storage.googleapis.com/collx-product-images/1121460655615674368-1-rMOl.jpg,https://storage.googleapis.com/collx-product-images/1121460655615674368-2-5oh7.jpg,,0.5,,,Donkey on Fire,,1
7/29/26,1121460645633230848,Baseball,42,Isiah Kiner-Falefa,Pittsburgh Pirates,2025,Topps,2025 Topps Chrome,,RAW,https://storage.googleapis.com/collx-product-images/1121460645633230848-1-f0d4.jpg,https://storage.googleapis.com/collx-product-images/1121460645633230848-2-ubOB.jpg,0.20,0.25,,,Donkey on Fire,,1
7/29/26,1121460646245599232,Baseball,300,Paul Skenes,Pittsburgh Pirates,2025,Topps,2025 Topps Chrome,,RAW,https://storage.googleapis.com/collx-product-images/1121460646245599232-1-muz.jpg,https://storage.googleapis.com/collx-product-images/1121460646245599232-2-RKyF.jpg,1.89,2,,,Donkey on Fire,,1
7/29/26,1121460646857967616,Baseball,252,Oneil Cruz,Pittsburgh Pirates,2025,Topps,2025 Topps Chrome,,RAW,https://storage.googleapis.com/collx-product-images/1121460646857967616-1-zPxz.jpg,https://storage.googleapis.com/collx-product-images/1121460646857967616-2-4Bdj.jpg,1.74,1.5,,,Donkey on Fire,,1
7/29/26,1121460647420004352,Baseball,36,Nick Yorke,Pittsburgh Pirates,2025,Topps,2025 Topps Chrome,RC,RAW,https://storage.googleapis.com/collx-product-images/1121460647420004352-1-3d3H.jpg,https://storage.googleapis.com/collx-product-images/1121460647420004352-2-Zalr.jpg,1.49,1.5,,,Donkey on Fire,,1
7/29/26,1121460648032372736,Baseball,196,Ke’Bryan Hayes,Pittsburgh Pirates,2025,Topps,2025 Topps Chrome,,RAW,https://storage.googleapis.com/collx-product-images/1121460648032372736-1-HgzO.jpg,https://storage.googleapis.com/collx-product-images/1121460648032372736-2-3VvT.jpg,0.44,0.5,,,Donkey on Fire,,1
7/29/26,1121460648611186688,Baseball,659,Nick Yorke,Pittsburgh Pirates,2025,Topps,2025 Topps - Silver Crackle Foilboard,,RAW,https://storage.googleapis.com/collx-product-images/1121460648611186688-1-jxlS.jpg,https://storage.googleapis.com/collx-product-images/1121460648611186688-2-lrTF.jpg,,4,,,Donkey on Fire,,1
7/29/26,1121460649525544960,Baseball,282,Willy Adames,San Francisco Giants,2025,Topps,2025 Topps Chrome,,RAW,https://storage.googleapis.com/collx-product-images/1121460649525544960-1-FjJ7.jpg,https://storage.googleapis.com/collx-product-images/1121460649525544960-2-Ofva.jpg,0.99,1,,,Donkey on Fire,,1
7/29/26,1121460650112747520,Baseball,148,Matt Chapman,San Francisco Giants,2025,Topps,2025 Topps Chrome,,RAW,https://storage.googleapis.com/collx-product-images/1121460650112747520-1-3hoy.jpg,https://storage.googleapis.com/collx-product-images/1121460650112747520-2-BtGG.jpg,0.85,1,,,Donkey on Fire,,1
7/29/26,1121460650699950080,Baseball,BCP-53,Jacob Bresnahan,San Francisco Giants,2025,Bowman,2025 Bowman - Chrome Prospects,,RAW,https://storage.googleapis.com/collx-product-images/1121460650699950080-1-jCIm.jpg,https://storage.googleapis.com/collx-product-images/1121460650699950080-2-wLAc.jpg,1.07,1,,,Donkey on Fire,,1
7/29/26,1121460651303929856,Baseball,36,Nick Yorke,Pittsburgh Pirates,2025,Topps,2025 Topps Chrome - Prism Refractors,RC,RAW,https://storage.googleapis.com/collx-product-images/1121460651303929856-1-05lI.jpg,https://storage.googleapis.com/collx-product-images/1121460651303929856-2-poTm.jpg,1.25,1.5,,,Donkey on Fire,,1
7/29/26,1121460651983407104,Baseball,252,Oneil Cruz,Pittsburgh Pirates,2025,Topps,2025 Topps Chrome - Prism Refractors,,RAW,https://storage.googleapis.com/collx-product-images/1121460651983407104-1-RF3Y.jpg,https://storage.googleapis.com/collx-product-images/1121460651983407104-2-cMIY.jpg,0.99,1,,,Donkey on Fire,,1
7/29/26,1121460653124257792,Baseball,36,Nick Yorke,Pittsburgh Pirates,2025,Topps,2025 Topps Chrome,RC,RAW,https://storage.googleapis.com/collx-product-images/1121460653124257792-1-7qiH.jpg,https://storage.googleapis.com/collx-product-images/1121460653124257792-2-RAR8.jpg,1.49,1.5,,,Donkey on Fire,,1
7/29/26,1121460636934244352,Baseball,190,Brandon Crawford,San Francisco Giants,2019,Topps,2019 Topps Chrome,,RAW,https://storage.googleapis.com/collx-product-images/1121460636934244352-1-l6uX.jpg,https://storage.googleapis.com/collx-product-images/1121460636934244352-2-2zhI.jpg,1.55,1.5,,,Donkey on Fire,,1
7/29/26,1121460637882157056,Baseball,138,Hayden Birdsong,San Francisco Giants,2025,Topps,2025 Topps Chrome,RC,RAW,https://storage.googleapis.com/collx-product-images/1121460637882157056-1-voOO.jpg,https://storage.googleapis.com/collx-product-images/1121460637882157056-2-xI8K.jpg,1.25,1.5,,,Donkey on Fire,,1
7/29/26,1121460638477748224,Baseball,30,Tyler Fitzgerald,San Francisco Giants,2025,Topps,2025 Topps Chrome,,RAW,https://storage.googleapis.com/collx-product-images/1121460638477748224-1-eIq.jpg,https://storage.googleapis.com/collx-product-images/1121460638477748224-2-HHFK.jpg,0.99,1,,,Donkey on Fire,,1
7/29/26,1121460639417272320,Baseball,148,Matt Chapman,San Francisco Giants,2025,Topps,2025 Topps Chrome,,RAW,https://storage.googleapis.com/collx-product-images/1121460639417272320-1-kOnK.jpg,https://storage.googleapis.com/collx-product-images/1121460639417272320-2-cSWg.jpg,0.85,1,,,Donkey on Fire,,1
7/29/26,1121460640348407808,Baseball,30,Tyler Fitzgerald,San Francisco Giants,2025,Topps,2025 Topps Chrome - Refractors,,RAW,https://storage.googleapis.com/collx-product-images/1121460640348407808-1-Ex82.jpg,https://storage.googleapis.com/collx-product-images/1121460640348407808-2-P7u.jpg,,0.5,,,Donkey on Fire,,1
7/29/26,1121460641287931904,Baseball,242,Justin Verlander,San Francisco Giants,2025,Topps,2025 Topps Chrome,,RAW,https://storage.googleapis.com/collx-product-images/1121460641287931904-1-8xWe.jpg,https://storage.googleapis.com/collx-product-images/1121460641287931904-2-AAvV.jpg,1.00,1,,,Donkey on Fire,,1
7/29/26,1121460642193901568,Baseball,296,Logan Webb,San Francisco Giants,2025,Topps,2025 Topps Chrome,,RAW,https://storage.googleapis.com/collx-product-images/1121460642193901568-1-aKe0.jpg,https://storage.googleapis.com/collx-product-images/1121460642193901568-2-yC5Q.jpg,1.25,1.5,,,Donkey on Fire,,1
7/29/26,1121460643720628224,Baseball,296,Logan Webb,San Francisco Giants,2025,Topps,2025 Topps Chrome - Refractors,,RAW,https://storage.googleapis.com/collx-product-images/1121460643720628224-1-Q6b.jpg,https://storage.googleapis.com/collx-product-images/1121460643720628224-2-SdGX.jpg,,2,,,Donkey on Fire,,1
7/29/26,1121460644702095360,Baseball,222,Nick Gonzales,Pittsburgh Pirates,2025,Topps,2025 Topps Chrome,,RAW,https://storage.googleapis.com/collx-product-images/1121460644702095360-1-nUJQ.jpg,https://storage.googleapis.com/collx-product-images/1121460644702095360-2-jRhB.jpg,0.82,1,,,Donkey on Fire,,1
7/29/26,1121460552771340288,Baseball,US142,Shaun Anderson,San Francisco Giants,2019,Topps,2019 Topps Update,RC,RAW,https://storage.googleapis.com/collx-product-images/1121460552771340288-1-nDzo.jpg,https://storage.googleapis.com/collx-product-images/1121460552771340288-2-4WTY.jpg,0.40,0.5,,,Donkey on Fire,,1
7/29/26,1121460553710864384,Baseball,82,Buster Posey,San Francisco Giants,2019,Topps,2019 Topps Chrome,,RAW,https://storage.googleapis.com/collx-product-images/1121460553710864384-1-JZs.jpg,https://storage.googleapis.com/collx-product-images/1121460553710864384-2-L46f.jpg,1.16,1,,,Donkey on Fire,,1
7/29/26,1121460544433063936,Baseball,572,Carlos Santana,Pittsburgh Pirates,2023,Topps,2023 Topps,,RAW,https://storage.googleapis.com/collx-product-images/1121460544433063936-1-wP89.jpg,https://storage.googleapis.com/collx-product-images/1121460544433063936-2-GXiP.jpg,0.99,1,,,Donkey on Fire,,1
7/29/26,1121460545020266496,Baseball,2,Zach Thompson,Pittsburgh Pirates,2023,Topps,2023 Topps,,RAW,https://storage.googleapis.com/collx-product-images/1121460545020266496-1-0Ujb.jpg,https://storage.googleapis.com/collx-product-images/1121460545020266496-2-3SAu.jpg,0.99,1,,,Donkey on Fire,,1
7/29/26,1121460545959790592,Baseball,430,Pittsburgh Pirates,Pittsburgh Pirates,2023,Topps,2023 Topps,,RAW,https://storage.googleapis.com/collx-product-images/1121460545959790592-1-A23D.jpg,https://storage.googleapis.com/collx-product-images/1121460545959790592-2-YpUe.jpg,1.55,1.5,,,Donkey on Fire,,1
7/29/26,1121460546588936192,Baseball,423,Logan Webb,San Francisco Giants,2025,Topps,2025 Topps Heritage,SP,RAW,https://storage.googleapis.com/collx-product-images/1121460546588936192-1-7j8s.jpg,https://storage.googleapis.com/collx-product-images/1121460546588936192-2-bwis.jpg,1.99,2,,,Donkey on Fire,,1
7/29/26,1121460547218081792,Baseball,264,Patrick Bailey,San Francisco Giants,2025,Topps,2025 Topps Heritage,,RAW,https://storage.googleapis.com/collx-product-images/1121460547218081792-1-JoXO.jpg,https://storage.googleapis.com/collx-product-images/1121460547218081792-2-rP1.jpg,0.25,0.5,,,Donkey on Fire,,1
7/29/26,1121460548132440064,Baseball,122,Willy Adames,San Francisco Giants,2025,Topps,2025 Topps Heritage,,RAW,https://storage.googleapis.com/collx-product-images/1121460548132440064-1-aFuU.jpg,https://storage.googleapis.com/collx-product-images/1121460548132440064-2-p1wR.jpg,0.56,0.5,,,Donkey on Fire,,1
7/29/26,1121460548744808448,Baseball,100,Jordan Hicks,San Francisco Giants,2025,Topps,2025 Topps Heritage,,RAW,https://storage.googleapis.com/collx-product-images/1121460548744808448-1-DMIf.jpg,https://storage.googleapis.com/collx-product-images/1121460548744808448-2-XXk.jpg,0.99,1,,,Donkey on Fire,,1
7/29/26,1121460549650778112,Baseball,53,Grant McCray,San Francisco Giants,2025,Topps,2025 Topps Heritage,RC,RAW,https://storage.googleapis.com/collx-product-images/1121460549650778112-1-v3XI.jpg,https://storage.googleapis.com/collx-product-images/1121460549650778112-2-wHaK.jpg,0.99,1,,,Donkey on Fire,,1
7/29/26,1121460550573524992,Baseball,246,Mauricio Dubon,San Francisco Giants,2022,Topps,2022 Topps Chrome Sapphire Edition,,RAW,https://storage.googleapis.com/collx-product-images/1121460550573524992-1-upRm.jpg,https://storage.googleapis.com/collx-product-images/1121460550573524992-2-qGJY.jpg,2.19,2,,,Donkey on Fire,,1
7/29/26,1121460551160727552,Baseball,138,Hayden Birdsong,San Francisco Giants,2025,Topps,2025 Topps Chrome - Prism Refractors,RC,RAW,https://storage.googleapis.com/collx-product-images/1121460551160727552-1-tDq0.jpg,https://storage.googleapis.com/collx-product-images/1121460551160727552-2-SsS5.jpg,0.99,1,,,Donkey on Fire,,1
7/29/26,1121460551856982016,Baseball,BCP-147,Jhonny Level,San Francisco Giants,2025,Bowman,2025 Bowman - Chrome Prospects,,RAW,https://storage.googleapis.com/collx-product-images/1121460551856982016-1-gQgu.jpg,https://storage.googleapis.com/collx-product-images/1121460551856982016-2-0fFp.jpg,0.99,1,,,Donkey on Fire,,1
7/29/26,1121460535868295168,Baseball,385,Austin Hedges,Pittsburgh Pirates,2023,Topps,2023 Topps,,RAW,https://storage.googleapis.com/collx-product-images/1121460535868295168-1-9vc1.jpg,https://storage.googleapis.com/collx-product-images/1121460535868295168-2-ITvz.jpg,1.29,1.5,,,Donkey on Fire,,1
7/29/26,1121460536791042048,Baseball,314,Ke'Bryan Hayes,Pittsburgh Pirates,2023,Topps,2023 Topps,,RAW,https://storage.googleapis.com/collx-product-images/1121460536791042048-1-xuU7.jpg,https://storage.googleapis.com/collx-product-images/1121460536791042048-2-02x.jpg,0.79,1,,,Donkey on Fire,,1
7/29/26,1121460537344690176,Baseball,313,Cal Mitchell,Pittsburgh Pirates,2023,Topps,2023 Topps,RC,RAW,https://storage.googleapis.com/collx-product-images/1121460537344690176-1-lX6I.jpg,https://storage.googleapis.com/collx-product-images/1121460537344690176-2-ZoBY.jpg,0.55,0.5,,,Donkey on Fire,,1
7/29/26,1121460537940281344,Baseball,288,Jack Suwinski,Pittsburgh Pirates,2023,Topps,2023 Topps,,RAW,https://storage.googleapis.com/collx-product-images/1121460537940281344-1-pFeI.jpg,https://storage.googleapis.com/collx-product-images/1121460537940281344-2-qrDB.jpg,1.00,1,,,Donkey on Fire,,1
7/29/26,1121460538854639616,Baseball,285,Oneil Cruz,Pittsburgh Pirates,2023,Topps,2023 Topps,,RAW,https://storage.googleapis.com/collx-product-images/1121460538854639616-1-0hOg.jpg,https://storage.googleapis.com/collx-product-images/1121460538854639616-2-nFYT.jpg,0.31,0.5,,,Donkey on Fire,,1
7/29/26,1121460539844495360,Baseball,238,Liover Peguero,Pittsburgh Pirates,2023,Topps,2023 Topps,RC,RAW,https://storage.googleapis.com/collx-product-images/1121460539844495360-1-lUBC.jpg,https://storage.googleapis.com/collx-product-images/1121460539844495360-2-cnt.jpg,1.10,1,,,Donkey on Fire,,1
7/29/26,1121460540456863744,Baseball,170,Michael Chavis,Pittsburgh Pirates,2023,Topps,2023 Topps,,RAW,https://storage.googleapis.com/collx-product-images/1121460540456863744-1-e2Yv.jpg,https://storage.googleapis.com/collx-product-images/1121460540456863744-2-I8oz.jpg,0.99,1,,,Donkey on Fire,,1
7/29/26,1121460541387999232,Baseball,133,Roberto Pérez,Pittsburgh Pirates,2023,Topps,2023 Topps,,RAW,https://storage.googleapis.com/collx-product-images/1121460541387999232-1-rJRT.jpg,https://storage.googleapis.com/collx-product-images/1121460541387999232-2-VKd5.jpg,0.99,1,,,Donkey on Fire,,1
7/29/26,1121460542377854976,Baseball,67,Travis Swaggerty,Pittsburgh Pirates,2023,Topps,2023 Topps,RC,RAW,https://storage.googleapis.com/collx-product-images/1121460542377854976-1-lf5o.jpg,https://storage.googleapis.com/collx-product-images/1121460542377854976-2-332D.jpg,0.27,0.5,,,Donkey on Fire,,1
7/29/26,1121460543501928448,Baseball,75,JT Brubaker,Pittsburgh Pirates,2023,Topps,2023 Topps,,RAW,https://storage.googleapis.com/collx-product-images/1121460543501928448-1-kdxx.jpg,https://storage.googleapis.com/collx-product-images/1121460543501928448-2-R136.jpg,1.00,1,,,Donkey on Fire,,1
7/29/26,1121460534215739392,Baseball,559,Roansy Contreras,Pittsburgh Pirates,2023,Topps,2023 Topps,,RAW,https://storage.googleapis.com/collx-product-images/1121460534215739392-1-LWr1.jpg,https://storage.googleapis.com/collx-product-images/1121460534215739392-2-X9qk.jpg,1.69,1.5,,,Donkey on Fire,,1
7/29/26,1121460534895216640,Baseball,553,David Bednar,Pittsburgh Pirates,2023,Topps,2023 Topps,,RAW,https://storage.googleapis.com/collx-product-images/1121460534895216640-1-1loj.jpg,https://storage.googleapis.com/collx-product-images/1121460534895216640-2-TG1i.jpg,0.99,1,,,Donkey on Fire,,1
7/29/26,1121460443551664128,Baseball,28,Mitch Haniger,Seattle Mariners,2025,Topps,2025 Topps Heritage - Chrome Light Blue Sparkle Refractor,,RAW,https://storage.googleapis.com/collx-product-images/1121460443551664128-1-XXqC.jpg,https://storage.googleapis.com/collx-product-images/1121460443551664128-2-4d06.jpg,0.99,1,,,Donkey on Fire,,1
7/29/26,1121460444164032512,Baseball,466,Félix Hernández,Seattle Mariners,2025,Topps,2025 Topps Chrome Platinum - Prism Refractors,,RAW,https://storage.googleapis.com/collx-product-images/1121460444164032512-1-KBFC.jpg,https://storage.googleapis.com/collx-product-images/1121460444164032512-2-M9nU.jpg,,5,,,Donkey on Fire,,1
7/29/26,1121460444793178112,Baseball,464,Edgar Martinez,Seattle Mariners,2025,Topps,2025 Topps Chrome Platinum,,RAW,https://storage.googleapis.com/collx-product-images/1121460444793178112-1-6089.jpg,https://storage.googleapis.com/collx-product-images/1121460444793178112-2-KhVS.jpg,1.13,1,,,Donkey on Fire,,1
7/29/26,1121460445732702208,Baseball,635,Kevin Newman,Pittsburgh Pirates,2022,Topps,2022 Topps Chrome Sapphire Edition,,RAW,https://storage.googleapis.com/collx-product-images/1121460445732702208-1-Cdgc.jpg,https://storage.googleapis.com/collx-product-images/1121460445732702208-2-y1nv.jpg,0.98,1,,,Donkey on Fire,,1
7/29/26,1121460446370236416,Baseball,525,Connor Joe,Pittsburgh Pirates,2023,Topps,2023 Topps,,RAW,https://storage.googleapis.com/collx-product-images/1121460446370236416-1-ma3u.jpg,https://storage.googleapis.com/collx-product-images/1121460446370236416-2-CnD6.jpg,1.69,1.5,,,Donkey on Fire,,1
7/29/26,1121460446974216192,Baseball,491,Ji Hwan Bae,Pittsburgh Pirates,2023,Topps,2023 Topps,RC,RAW,https://storage.googleapis.com/collx-product-images/1121460446974216192-1-KoDB.jpg,https://storage.googleapis.com/collx-product-images/1121460446974216192-2-Fc7T.jpg,0.99,1,,,Donkey on Fire,,1
7/29/26,1121460447586584576,Baseball,490,Andrew McCutchen,Pittsburgh Pirates,2023,Topps,2023 Topps,,RAW,https://storage.googleapis.com/collx-product-images/1121460447586584576-1-craO.jpg,https://storage.googleapis.com/collx-product-images/1121460447586584576-2-xDGR.jpg,0.42,0.5,,,Donkey on Fire,,1
7/29/26,1121460448559663104,Baseball,484,Rodolfo Castro,Pittsburgh Pirates,2023,Topps,2023 Topps,,RAW,https://storage.googleapis.com/collx-product-images/1121460448559663104-1-fKhx.jpg,https://storage.googleapis.com/collx-product-images/1121460448559663104-2-0M2q.jpg,0.99,1,,,Donkey on Fire,,1
7/29/26,1121460449172031488,Baseball,442,Mitch Keller,Pittsburgh Pirates,2023,Topps,2023 Topps,,RAW,https://storage.googleapis.com/collx-product-images/1121460449172031488-1-lCWU.jpg,https://storage.googleapis.com/collx-product-images/1121460449172031488-2-IDl.jpg,0.81,1,,,Donkey on Fire,,1
7/29/26,1121460449742456832,Baseball,582,Luis Ortiz,Pittsburgh Pirates,2023,Topps,2023 Topps,RC,RAW,https://storage.googleapis.com/collx-product-images/1121460449742456832-1-6tUh.jpg,https://storage.googleapis.com/collx-product-images/1121460449742456832-2-jane.jpg,0.99,1,,,Donkey on Fire,,1
7/29/26,1121460450371602432,Baseball,US243,Vince Velasquez,Pittsburgh Pirates,2023,Topps,2023 Topps Update,,RAW,https://storage.googleapis.com/collx-product-images/1121460450371602432-1-LMXi.jpg,https://storage.googleapis.com/collx-product-images/1121460450371602432-2-rBA.jpg,2.00,2,,,Donkey on Fire,,1
7/29/26,1121460451420178432,Baseball,570,Bryan Reynolds,Pittsburgh Pirates,2023,Topps,2023 Topps,,RAW,https://storage.googleapis.com/collx-product-images/1121460451420178432-1-Xghd.jpg,https://storage.googleapis.com/collx-product-images/1121460451420178432-2-4hN1.jpg,1.33,1.5,,,Donkey on Fire,,1
7/29/26,1121460436085803008,Baseball,180,Dominic Leone,San Francisco Giants,2023,Topps,2023 Topps,,RAW,https://storage.googleapis.com/collx-product-images/1121460436085803008-1-hqJr.jpg,https://storage.googleapis.com/collx-product-images/1121460436085803008-2-Cc42.jpg,1.00,1,,,Donkey on Fire,,1
7/29/26,1121460436656228352,Baseball,560,Thairo Estrada,San Francisco Giants,2023,Topps,2023 Topps,,RAW,https://storage.googleapis.com/collx-product-images/1121460436656228352-1-mAvf.jpg,https://storage.googleapis.com/collx-product-images/1121460436656228352-2-fN7z.jpg,0.79,1,,,Donkey on Fire,,1
7/29/26,1121460437226653696,Baseball,571,Bryce Johnson,San Francisco Giants,2023,Topps,2023 Topps,RC,RAW,https://storage.googleapis.com/collx-product-images/1121460437226653696-1-Qil.jpg,https://storage.googleapis.com/collx-product-images/1121460437226653696-2-2nr1.jpg,0.08,0.25,,,Donkey on Fire,,1
7/29/26,1121460438166177792,Baseball,429,Sean Manaea,San Francisco Giants,2023,Topps,2023 Topps,,RAW,https://storage.googleapis.com/collx-product-images/1121460438166177792-1-PXsT.jpg,https://storage.googleapis.com/collx-product-images/1121460438166177792-2-vQIw.jpg,0.81,1,,,Donkey on Fire,,1
7/29/26,1121460438803712000,Baseball,335,J.D. Davis,San Francisco Giants,2023,Topps,2023 Topps,,RAW,https://storage.googleapis.com/collx-product-images/1121460438803712000-1-1880.jpg,https://storage.googleapis.com/collx-product-images/1121460438803712000-2-QkxB.jpg,0.99,1,,,Donkey on Fire,,1
7/29/26,1121460439743236096,Baseball,508,Joc Pederson,San Francisco Giants,2023,Topps,2023 Topps,,RAW,https://storage.googleapis.com/collx-product-images/1121460439743236096-1-RXSs.jpg,https://storage.googleapis.com/collx-product-images/1121460439743236096-2-t0ha.jpg,0.06,0.25,,,Donkey on Fire,,1
7/29/26,1121460440330438656,Baseball,368,Logan Webb,San Francisco Giants,2023,Topps,2023 Topps,,RAW,https://storage.googleapis.com/collx-product-images/1121460440330438656-1-t22V.jpg,https://storage.googleapis.com/collx-product-images/1121460440330438656-2-Svx9.jpg,0.99,1,,,Donkey on Fire,,1
7/29/26,1121460440934418432,Baseball,173,San Francisco Giants,San Francisco Giants,2023,Topps,2023 Topps - Vintage Stock,SN99,RAW,https://storage.googleapis.com/collx-product-images/1121460440934418432-1-2t1D.jpg,https://storage.googleapis.com/collx-product-images/1121460440934418432-2-u7Ap.jpg,0.54,0.5,,,Donkey on Fire,,1
7/29/26,1121460441848776704,Baseball,15,Mitch Haniger,Seattle Mariners,2025,Topps,2025 Topps - Holo Foil,,RAW,https://storage.googleapis.com/collx-product-images/1121460441848776704-1-rV2O.jpg,https://storage.googleapis.com/collx-product-images/1121460441848776704-2-xtBC.jpg,1.74,1.5,,,Donkey on Fire,,1
7/29/26,1121460442561808384,Baseball,209,Chris Jakubauskas,Seattle Mariners,2009,Topps,2009 Topps Chrome - Blue Refractors,"RC, SN199",RAW,https://storage.googleapis.com/collx-product-images/1121460442561808384-1-25Mp.jpg,https://storage.googleapis.com/collx-product-images/1121460442561808384-2-4tjM.jpg,3.07,3,,,Donkey on Fire,,1
7/29/26,1121460433082681344,Baseball,537,Spencer Bivens,San Francisco Giants,2025,Topps,2025 Topps,RC,RAW,https://storage.googleapis.com/collx-product-images/1121460433082681344-1-1CKg.jpg,https://storage.googleapis.com/collx-product-images/1121460433082681344-2-KPpt.jpg,1.00,1,,,Donkey on Fire,,1
7/29/26,1121460434122868736,Baseball,357,Trevor McDonald,San Francisco Giants,2025,Topps,2025 Topps,RC,RAW,https://storage.googleapis.com/collx-product-images/1121460434122868736-1-FZM.jpg,https://storage.googleapis.com/collx-product-images/1121460434122868736-2-gbZ6.jpg,1.29,1.5,,,Donkey on Fire,,1
7/29/26,1121460435112724480,Baseball,596,Tyler Fitzgerald,San Francisco Giants,2025,Topps,2025 Topps,,RAW,https://storage.googleapis.com/collx-product-images/1121460435112724480-1-IOT1.jpg,https://storage.googleapis.com/collx-product-images/1121460435112724480-2-eUWg.jpg,1.35,1.5,,,Donkey on Fire,,1
7/29/26,1121460343181969408,Baseball,264,Steele Walker,San Francisco Giants,2023,Topps,2023 Topps,RC,RAW,https://storage.googleapis.com/collx-product-images/1121460343181969408-1-z4z7.jpg,https://storage.googleapis.com/collx-product-images/1121460343181969408-2-reBb.jpg,0.06,0.25,,,Donkey on Fire,,1
7/29/26,1121460344347985920,Baseball,277,David Villar,San Francisco Giants,2023,Topps,2023 Topps,RC,RAW,https://storage.googleapis.com/collx-product-images/1121460344347985920-1-hlGu.jpg,https://storage.googleapis.com/collx-product-images/1121460344347985920-2-EQxz.jpg,0.11,0.25,,,Donkey on Fire,,1
7/29/26,1121460345757272064,Baseball,304,Alex Wood,San Francisco Giants,2023,Topps,2023 Topps,,RAW,https://storage.googleapis.com/collx-product-images/1121460345757272064-1-859K.jpg,https://storage.googleapis.com/collx-product-images/1121460345757272064-2-caIK.jpg,1.00,1,,,Donkey on Fire,,1
7/29/26,1121460346797459456,Baseball,335,J.D. Davis,San Francisco Giants,2023,Topps,2023 Topps,,RAW,https://storage.googleapis.com/collx-product-images/1121460346797459456-1-fNJp.jpg,https://storage.googleapis.com/collx-product-images/1121460346797459456-2-yn1E.jpg,0.99,1,,,Donkey on Fire,,1
7/29/26,1121460347745372160,Baseball,552,Wilmer Flores,San Francisco Giants,2023,Topps,2023 Topps,,RAW,https://storage.googleapis.com/collx-product-images/1121460347745372160-1-Q7zK.jpg,https://storage.googleapis.com/collx-product-images/1121460347745372160-2-DI0C.jpg,0.06,0.25,,,Donkey on Fire,,1
7/29/26,1121460348349351936,Baseball,699,Hayden Birdsong,San Francisco Giants,2025,Topps,2025 Topps,RC,RAW,https://storage.googleapis.com/collx-product-images/1121460348349351936-1-bKx.jpg,https://storage.googleapis.com/collx-product-images/1121460348349351936-2-chcc.jpg,0.38,0.5,,,Donkey on Fire,,1
7/29/26,1121460335162460160,Baseball,435,Joey Bart,San Francisco Giants,2023,Topps,2023 Topps,,RAW,https://storage.googleapis.com/collx-product-images/1121460335162460160-1-3hK6.jpg,https://storage.googleapis.com/collx-product-images/1121460335162460160-2-TyHD.jpg,1.80,2,,,Donkey on Fire,,1
7/29/26,1121460335825160192,Baseball,472,Ford Proctor,San Francisco Giants,2023,Topps,2023 Topps,RC,RAW,https://storage.googleapis.com/collx-product-images/1121460335825160192-1-Aw3V.jpg,https://storage.googleapis.com/collx-product-images/1121460335825160192-2-rl55.jpg,0.12,0.25,,,Donkey on Fire,,1
7/29/26,1121460336462694400,Baseball,419,Michael Conforto,San Francisco Giants,2023,Topps,2023 Topps,,RAW,https://storage.googleapis.com/collx-product-images/1121460336462694400-1-1Th1.jpg,https://storage.googleapis.com/collx-product-images/1121460336462694400-2-mA.jpg,0.99,1,,,Donkey on Fire,,1
7/29/26,1121460337477715968,Baseball,508,Joc Pederson,San Francisco Giants,2023,Topps,2023 Topps,,RAW,https://storage.googleapis.com/collx-product-images/1121460337477715968-1-HiG5.jpg,https://storage.googleapis.com/collx-product-images/1121460337477715968-2-qPBH.jpg,0.06,0.25,,,Donkey on Fire,,1
7/29/26,1121460338425628672,Baseball,98,Mike Yastrzemski,San Francisco Giants,2023,Topps,2023 Topps,,RAW,https://storage.googleapis.com/collx-product-images/1121460338425628672-1-6ghU.jpg,https://storage.googleapis.com/collx-product-images/1121460338425628672-2-LD0.jpg,0.99,1,,,Donkey on Fire,,1
7/29/26,1121460339004442624,Baseball,108,Alex Cobb,San Francisco Giants,2023,Topps,2023 Topps,,RAW,https://storage.googleapis.com/collx-product-images/1121460339004442624-1-TgqK.jpg,https://storage.googleapis.com/collx-product-images/1121460339004442624-2-OYHM.jpg,0.06,0.25,,,Donkey on Fire,,1
7/29/26,1121460339625199616,Baseball,66,Brandon Crawford,San Francisco Giants,2023,Topps,2023 Topps,,RAW,https://storage.googleapis.com/collx-product-images/1121460339625199616-1-IJBb.jpg,https://storage.googleapis.com/collx-product-images/1121460339625199616-2-qOPd.jpg,1.45,1.5,,,Donkey on Fire,,1
7/29/26,1121460340564723712,Baseball,179,Carlos Rodón,San Francisco Giants,2023,Topps,2023 Topps,,RAW,https://storage.googleapis.com/collx-product-images/1121460340564723712-1-OyRL.jpg,https://storage.googleapis.com/collx-product-images/1121460340564723712-2-rSrg.jpg,0.07,0.25,,,Donkey on Fire,,1
7/29/26,1121460341638465536,Baseball,180,Dominic Leone,San Francisco Giants,2023,Topps,2023 Topps,,RAW,https://storage.googleapis.com/collx-product-images/1121460341638465536-1-R6yj.jpg,https://storage.googleapis.com/collx-product-images/1121460341638465536-2-ngFb.jpg,1.00,1,,,Donkey on Fire,,1
7/29/26,1121460342410217472,Baseball,262,Camilo Doval,San Francisco Giants,2023,Topps,2023 Topps,,RAW,https://storage.googleapis.com/collx-product-images/1121460342410217472-1-JeDU.jpg,https://storage.googleapis.com/collx-product-images/1121460342410217472-2-ha8u.jpg,0.87,1,,,Donkey on Fire,,1
7/29/26,1121460329248491520,Baseball,372,Craig Lefferts,San Francisco Giants,1989,Topps,1989 Topps,,RAW,https://storage.googleapis.com/collx-product-images/1121460329248491520-1-tJIQ.jpg,https://storage.googleapis.com/collx-product-images/1121460329248491520-2-KPqu.jpg,0.31,0.5,,,Donkey on Fire,,1
7/29/26,1121460329818916864,Baseball,783,Trevor Wilson,San Francisco Giants,1989,Topps,1989 Topps,RC,RAW,https://storage.googleapis.com/collx-product-images/1121460329818916864-1-Jsat.jpg,https://storage.googleapis.com/collx-product-images/1121460329818916864-2-wXOo.jpg,1.10,1,,,Donkey on Fire,,1
7/29/26,1121460330439673856,Baseball,361,Kelly Downs,San Francisco Giants,1989,Topps,1989 Topps,,RAW,https://storage.googleapis.com/collx-product-images/1121460330439673856-1-xDF5.jpg,https://storage.googleapis.com/collx-product-images/1121460330439673856-2-ETZM.jpg,1.26,1.5,,,Donkey on Fire,,1
7/29/26,1121460331018487808,Baseball,601,Dave Dravecky,San Francisco Giants,1989,Topps,1989 Topps,,RAW,https://storage.googleapis.com/collx-product-images/1121460331018487808-1-nxwO.jpg,https://storage.googleapis.com/collx-product-images/1121460331018487808-2-DI3L.jpg,1.60,1.5,,,Donkey on Fire,,1
7/29/26,1121460331614078976,Baseball,65,Rick Reuschel,San Francisco Giants,1989,Topps,1989 Topps,,RAW,https://storage.googleapis.com/collx-product-images/1121460331614078976-1-LEw1.jpg,https://storage.googleapis.com/collx-product-images/1121460331614078976-2-URrM.jpg,1.48,1.5,,,Donkey on Fire,,1
7/29/26,1121460332201281536,Baseball,508,Joc Pederson,San Francisco Giants,2023,Topps,2023 Topps,,RAW,https://storage.googleapis.com/collx-product-images/1121460332201281536-1-yIKg.jpg,https://storage.googleapis.com/collx-product-images/1121460332201281536-2-VsS8.jpg,0.06,0.25,,,Donkey on Fire,,1
7/29/26,1121460332805261312,Baseball,560,Thairo Estrada,San Francisco Giants,2023,Topps,2023 Topps,,RAW,https://storage.googleapis.com/collx-product-images/1121460332805261312-1-Z9ng.jpg,https://storage.googleapis.com/collx-product-images/1121460332805261312-2-zBFf.jpg,0.79,1,,,Donkey on Fire,,1
7/29/26,1121460333484738560,Baseball,571,Bryce Johnson,San Francisco Giants,2023,Topps,2023 Topps,RC,RAW,https://storage.googleapis.com/collx-product-images/1121460333484738560-1-XZXG.jpg,https://storage.googleapis.com/collx-product-images/1121460333484738560-2-tEzC.jpg,0.08,0.25,,,Donkey on Fire,,1
7/29/26,1121460334206158848,Baseball,429,Sean Manaea,San Francisco Giants,2023,Topps,2023 Topps,,RAW,https://storage.googleapis.com/collx-product-images/1121460334206158848-1-bzx3.jpg,https://storage.googleapis.com/collx-product-images/1121460334206158848-2-4au0.jpg,0.81,1,,,Donkey on Fire,,1
7/29/26,1121460242376067072,Baseball,628,Matt Williams,San Francisco Giants,1989,Topps,1989 Topps,,RAW,https://storage.googleapis.com/collx-product-images/1121460242376067072-1-8Lv.jpg,https://storage.googleapis.com/collx-product-images/1121460242376067072-2-PaN3.jpg,0.06,0.25,,,Donkey on Fire,,1
7/29/26,1121460243315591168,Baseball,473,Don Robinson,San Francisco Giants,1989,Topps,1989 Topps,,RAW,https://storage.googleapis.com/collx-product-images/1121460243315591168-1-gkY.jpg,https://storage.googleapis.com/collx-product-images/1121460243315591168-2-AC80.jpg,1.70,1.5,,,Donkey on Fire,,1
7/29/26,1121460243919570944,Baseball,572,Atlee Hammaker,San Francisco Giants,1989,Topps,1989 Topps,,RAW,https://storage.googleapis.com/collx-product-images/1121460243919570944-1-eBJE.jpg,https://storage.googleapis.com/collx-product-images/1121460243919570944-2-Gd3D.jpg,0.08,0.25,,,Donkey on Fire,,1
7/29/26,1121460244867483648,Baseball,601,Dave Dravecky,San Francisco Giants,1989,Topps,1989 Topps,,RAW,https://storage.googleapis.com/collx-product-images/1121460244867483648-1-3DIx.jpg,https://storage.googleapis.com/collx-product-images/1121460244867483648-2-eNIk.jpg,1.60,1.5,,,Donkey on Fire,,1
7/29/26,1121460234004236288,Baseball,601,Dave Dravecky,San Francisco Giants,1989,Topps,1989 Topps,,RAW,https://storage.googleapis.com/collx-product-images/1121460234004236288-1-gc6q.jpg,https://storage.googleapis.com/collx-product-images/1121460234004236288-2-csCY.jpg,1.60,1.5,,,Donkey on Fire,,1
7/29/26,1121460234666936320,Baseball,189,Kevin Mitchell,San Francisco Giants,1989,Topps,1989 Topps,,RAW,https://storage.googleapis.com/collx-product-images/1121460234666936320-1-kPC4.jpg,https://storage.googleapis.com/collx-product-images/1121460234666936320-2-f8y7.jpg,0.11,0.25,,,Donkey on Fire,,1
7/29/26,1121460235606460416,Baseball,125,Mike Krukow,San Francisco Giants,1989,Topps,1989 Topps,,RAW,https://storage.googleapis.com/collx-product-images/1121460235606460416-1-SAS.jpg,https://storage.googleapis.com/collx-product-images/1121460235606460416-2-GV5N.jpg,0.99,1,,,Donkey on Fire,,1
7/29/26,1121460236218828800,Baseball,417,Mike LaCoss,San Francisco Giants,1989,Topps,1989 Topps,,RAW,https://storage.googleapis.com/collx-product-images/1121460236218828800-1-nCbM.jpg,https://storage.googleapis.com/collx-product-images/1121460236218828800-2-y6mG.jpg,1.49,1.5,,,Donkey on Fire,,1
7/29/26,1121460237158352896,Baseball,660,Will Clark,San Francisco Giants,1989,Topps,1989 Topps,,RAW,https://storage.googleapis.com/collx-product-images/1121460237158352896-1-9ZES.jpg,https://storage.googleapis.com/collx-product-images/1121460237158352896-2-kdbs.jpg,1.19,1,,,Donkey on Fire,,1
7/29/26,1121460237737166848,Baseball,473,Don Robinson,San Francisco Giants,1989,Topps,1989 Topps,,RAW,https://storage.googleapis.com/collx-product-images/1121460237737166848-1-Jvrl.jpg,https://storage.googleapis.com/collx-product-images/1121460237737166848-2-nY0V.jpg,1.70,1.5,,,Donkey on Fire,,1
7/29/26,1121460238710245376,Baseball,506,Kirt Manwaring,San Francisco Giants,1989,Topps,1989 Topps,,RAW,https://storage.googleapis.com/collx-product-images/1121460238710245376-1-NLZf.jpg,https://storage.googleapis.com/collx-product-images/1121460238710245376-2-gSD7.jpg,0.07,0.25,,,Donkey on Fire,,1
7/29/26,1121460239666546688,Baseball,65,Rick Reuschel,San Francisco Giants,1989,Topps,1989 Topps,,RAW,https://storage.googleapis.com/collx-product-images/1121460239666546688-1-H3Q.jpg,https://storage.googleapis.com/collx-product-images/1121460239666546688-2-RZeI.jpg,1.48,1.5,,,Donkey on Fire,,1
7/29/26,1121460240673179648,Baseball,52,Bob Brenly,San Francisco Giants,1989,Topps,1989 Topps,,RAW,https://storage.googleapis.com/collx-product-images/1121460240673179648-1-J9P7.jpg,https://storage.googleapis.com/collx-product-images/1121460240673179648-2-X5SP.jpg,0.01,0.25,,,Donkey on Fire,,1
7/29/26,1121460241394599936,Baseball,660,Will Clark,San Francisco Giants,1989,Topps,1989 Topps,,RAW,https://storage.googleapis.com/collx-product-images/1121460241394599936-1-WDSg.jpg,https://storage.googleapis.com/collx-product-images/1121460241394599936-2-ywwR.jpg,1.19,1,,,Donkey on Fire,,1
7/29/26,1121460226244773888,Baseball,566,Al Pedrique,Pittsburgh Pirates,1989,Topps,1989 Topps,,RAW,https://storage.googleapis.com/collx-product-images/1121460226244773888-1-s7U.jpg,https://storage.googleapis.com/collx-product-images/1121460226244773888-2-jd5L.jpg,1.12,1,,,Donkey on Fire,,1
7/29/26,1121460227175909376,Baseball,89,Dave LaPoint,Pittsburgh Pirates,1989,Topps,1989 Topps,,RAW,https://storage.googleapis.com/collx-product-images/1121460227175909376-1-55kB.jpg,https://storage.googleapis.com/collx-product-images/1121460227175909376-2-M57G.jpg,1.00,1,,,Donkey on Fire,,1
7/29/26,1121460228123822080,Baseball,322,John Smiley,Pittsburgh Pirates,1989,Topps,1989 Topps,,RAW,https://storage.googleapis.com/collx-product-images/1121460228123822080-1-nwQD.jpg,https://storage.googleapis.com/collx-product-images/1121460228123822080-2-BS2F.jpg,1.40,1.5,,,Donkey on Fire,,1
7/29/26,1121460229105289216,Baseball,126,Sid Bream,Pittsburgh Pirates,1989,Topps,1989 Topps,,RAW,https://storage.googleapis.com/collx-product-images/1121460229105289216-1-Dn9P.jpg,https://storage.googleapis.com/collx-product-images/1121460229105289216-2-DVvU.jpg,1.50,1.5,,,Donkey on Fire,,1
7/29/26,1121460229734434816,Baseball,284,Jim Leyland,Pittsburgh Pirates,1989,Topps,1989 Topps,,RAW,https://storage.googleapis.com/collx-product-images/1121460229734434816-1-8C2.jpg,https://storage.googleapis.com/collx-product-images/1121460229734434816-2-F03n.jpg,0.14,0.25,,,Donkey on Fire,,1
7/29/26,1121460230355191808,Baseball,703,Scott Garrelts,San Francisco Giants,1989,Topps,1989 Topps,,RAW,https://storage.googleapis.com/collx-product-images/1121460230355191808-1-ToPN.jpg,https://storage.googleapis.com/collx-product-images/1121460230355191808-2-lch4.jpg,0.05,0.25,,,Donkey on Fire,,1
7/29/26,1121460231303104512,Baseball,189,Kevin Mitchell,San Francisco Giants,1989,Topps,1989 Topps,,RAW,https://storage.googleapis.com/collx-product-images/1121460231303104512-1-nCCz.jpg,https://storage.googleapis.com/collx-product-images/1121460231303104512-2-QbKB.jpg,0.11,0.25,,,Donkey on Fire,,1
7/29/26,1121460231873529856,Baseball,304,Joel Youngblood,San Francisco Giants,1989,Topps,1989 Topps,,RAW,https://storage.googleapis.com/collx-product-images/1121460231873529856-1-TcIc.jpg,https://storage.googleapis.com/collx-product-images/1121460231873529856-2-Trwf.jpg,0.99,1,,,Donkey on Fire,,1
7/29/26,1121460232913717248,Baseball,65,Rick Reuschel,San Francisco Giants,1989,Topps,1989 Topps,,RAW,https://storage.googleapis.com/collx-product-images/1121460232913717248-1-LYxh.jpg,https://storage.googleapis.com/collx-product-images/1121460232913717248-2-4Uj6.jpg,1.48,1.5,,,Donkey on Fire,,1
7/29/26,1121460224265062400,Baseball,752,Jim Gott,Pittsburgh Pirates,1989,Topps,1989 Topps,,RAW,https://storage.googleapis.com/collx-product-images/1121460224265062400-1-IXLG.jpg,https://storage.googleapis.com/collx-product-images/1121460224265062400-2-IQy1.jpg,1.19,1,,,Donkey on Fire,,1
7/29/26,1121460225296861184,Baseball,504,Bob Walk,Pittsburgh Pirates,1989,Topps,1989 Topps,,RAW,https://storage.googleapis.com/collx-product-images/1121460225296861184-1-n8A.jpg,https://storage.googleapis.com/collx-product-images/1121460225296861184-2-O3G.jpg,1.25,1.5,,,Donkey on Fire,,1
7/29/26,1121460133609375744,Baseball,440,Bobby Bonilla,Pittsburgh Pirates,1989,Topps,1989 Topps,,RAW,https://storage.googleapis.com/collx-product-images/1121460133609375744-1-HU3f.jpg,https://storage.googleapis.com/collx-product-images/1121460133609375744-2-r1B7.jpg,0.99,1,,,Donkey on Fire,,1
7/29/26,1121460134574065664,Baseball,114,Bob Kipper,Pittsburgh Pirates,1989,Topps,1989 Topps,,RAW,https://storage.googleapis.com/collx-product-images/1121460134574065664-1-qEV.jpg,https://storage.googleapis.com/collx-product-images/1121460134574065664-2-Ousy.jpg,1.18,1,,,Donkey on Fire,,1
7/29/26,1121460135505201152,Baseball,453,Tom Prince,Pittsburgh Pirates,1989,Topps,1989 Topps,,RAW,https://storage.googleapis.com/collx-product-images/1121460135505201152-1-oo0W.jpg,https://storage.googleapis.com/collx-product-images/1121460135505201152-2-LGhu.jpg,1.01,1,,,Donkey on Fire,,1
7/29/26,1121460136411170816,Baseball,388,Bobby Bonilla,Pittsburgh Pirates,1989,Topps,1989 Topps,,RAW,https://storage.googleapis.com/collx-product-images/1121460136411170816-1-rsBF.jpg,https://storage.googleapis.com/collx-product-images/1121460136411170816-2-yLww.jpg,0.14,0.25,,,Donkey on Fire,,1
7/29/26,1121460137367472128,Baseball,478,Doug Drabek,Pittsburgh Pirates,1989,Topps,1989 Topps,,RAW,https://storage.googleapis.com/collx-product-images/1121460137367472128-1-dav6.jpg,https://storage.googleapis.com/collx-product-images/1121460137367472128-2-5n8.jpg,0.99,1,,,Donkey on Fire,,1
7/29/26,1121460138348939264,Baseball,126,Sid Bream,Pittsburgh Pirates,1989,Topps,1989 Topps,,RAW,https://storage.googleapis.com/collx-product-images/1121460138348939264-1-v8Oc.jpg,https://storage.googleapis.com/collx-product-images/1121460138348939264-2-oAxu.jpg,1.50,1.5,,,Donkey on Fire,,1
7/29/26,1121460124994275328,Baseball,281,Gary Redus,Pittsburgh Pirates,1989,Topps,1989 Topps,,RAW,https://storage.googleapis.com/collx-product-images/1121460124994275328-1-Afaj.jpg,https://storage.googleapis.com/collx-product-images/1121460124994275328-2-sviL.jpg,0.05,0.25,,,Donkey on Fire,,1
7/29/26,1121460125556312064,Baseball,388,Bobby Bonilla,Pittsburgh Pirates,1989,Topps,1989 Topps,,RAW,https://storage.googleapis.com/collx-product-images/1121460125556312064-1-QoWA.jpg,https://storage.googleapis.com/collx-product-images/1121460125556312064-2-XEoM.jpg,0.14,0.25,,,Donkey on Fire,,1
7/29/26,1121460126487447552,Baseball,592,John Cangelosi,Pittsburgh Pirates,1989,Topps,1989 Topps,,RAW,https://storage.googleapis.com/collx-product-images/1121460126487447552-1-500v.jpg,https://storage.googleapis.com/collx-product-images/1121460126487447552-2-EsgD.jpg,1.64,1.5,,,Donkey on Fire,,1
7/29/26,1121460127452137472,Baseball,681,Jeff Robinson,Pittsburgh Pirates,1989,Topps,1989 Topps,,RAW,https://storage.googleapis.com/collx-product-images/1121460127452137472-1-yyyq.jpg,https://storage.googleapis.com/collx-product-images/1121460127452137472-2-yoD3.jpg,0.05,0.25,,,Donkey on Fire,,1
7/29/26,1121460128400050176,Baseball,350,Andy Van Slyke,Pittsburgh Pirates,1989,Topps,1989 Topps,,RAW,https://storage.googleapis.com/collx-product-images/1121460128400050176-1-TBYi.jpg,https://storage.googleapis.com/collx-product-images/1121460128400050176-2-sY7g.jpg,1.39,1.5,,,Donkey on Fire,,1
7/29/26,1121460129012418560,Baseball,440,Bobby Bonilla,Pittsburgh Pirates,1989,Topps,1989 Topps,,RAW,https://storage.googleapis.com/collx-product-images/1121460129012418560-1-DBBd.jpg,https://storage.googleapis.com/collx-product-images/1121460129012418560-2-zrn6.jpg,0.99,1,,,Donkey on Fire,,1
7/29/26,1121460129968719872,Baseball,723,Rafael Belliard,Pittsburgh Pirates,1989,Topps,1989 Topps,,RAW,https://storage.googleapis.com/collx-product-images/1121460129968719872-1-SUVl.jpg,https://storage.googleapis.com/collx-product-images/1121460129968719872-2-CUJl.jpg,0.05,0.25,,,Donkey on Fire,,1
7/29/26,1121460130941798400,Baseball,27b,Orestes Destrade,Pittsburgh Pirates,1989,Topps,1989 Topps,RC,RAW,https://storage.googleapis.com/collx-product-images/1121460130941798400-1-MVyP.jpg,https://storage.googleapis.com/collx-product-images/1121460130941798400-2-PKt9.jpg,1.00,1,,,Donkey on Fire,,1
7/29/26,1121460131545778176,Baseball,681,Jeff Robinson,Pittsburgh Pirates,1989,Topps,1989 Topps,,RAW,https://storage.googleapis.com/collx-product-images/1121460131545778176-1-ntra.jpg,https://storage.googleapis.com/collx-product-images/1121460131545778176-2-PK0Q.jpg,0.05,0.25,,,Donkey on Fire,,1
7/29/26,1121460132653074432,Baseball,504,Bob Walk,Pittsburgh Pirates,1989,Topps,1989 Topps,,RAW,https://storage.googleapis.com/collx-product-images/1121460132653074432-1-cN4I.jpg,https://storage.googleapis.com/collx-product-images/1121460132653074432-2-SMiZ.jpg,1.25,1.5,,,Donkey on Fire,,1
7/29/26,1121460118090450944,Baseball,490,Andrew McCutchen,Pittsburgh Pirates,2023,Topps,2023 Topps,,RAW,https://storage.googleapis.com/collx-product-images/1121460118090450944-1-xJ8m.jpg,https://storage.googleapis.com/collx-product-images/1121460118090450944-2-Iu4i.jpg,0.42,0.5,,,Donkey on Fire,,1
7/29/26,1121460119063529472,Baseball,484,Rodolfo Castro,Pittsburgh Pirates,2023,Topps,2023 Topps,,RAW,https://storage.googleapis.com/collx-product-images/1121460119063529472-1-TkOK.jpg,https://storage.googleapis.com/collx-product-images/1121460119063529472-2-GF9B.jpg,0.99,1,,,Donkey on Fire,,1
7/29/26,1121460120003053568,Baseball,490,Andrew McCutchen,Pittsburgh Pirates,2023,Topps,2023 Topps,,RAW,https://storage.googleapis.com/collx-product-images/1121460120003053568-1-C4zw.jpg,https://storage.googleapis.com/collx-product-images/1121460120003053568-2-ZOT5.jpg,0.42,0.5,,,Donkey on Fire,,1
7/29/26,1121460120590256128,Baseball,183,Oneil Cruz,Pittsburgh Pirates,2025,Topps,2025 Topps Heritage,,RAW,https://storage.googleapis.com/collx-product-images/1121460120590256128-1-RbpE.jpg,https://storage.googleapis.com/collx-product-images/1121460120590256128-2-ORz.jpg,1.43,1.5,,,Donkey on Fire,,1
7/29/26,1121460121227790336,Baseball,9,Bryan Reynolds,Pittsburgh Pirates,2025,Topps,2025 Topps Chrome - Refractors,,RAW,https://storage.googleapis.com/collx-product-images/1121460121227790336-1-Sje.jpg,https://storage.googleapis.com/collx-product-images/1121460121227790336-2-QUxN.jpg,,0.5,,,Donkey on Fire,,1
7/29/26,1121460122184091648,Baseball,196,Ke’Bryan Hayes,Pittsburgh Pirates,2025,Topps,2025 Topps Chrome,,RAW,https://storage.googleapis.com/collx-product-images/1121460122184091648-1-d7HG.jpg,https://storage.googleapis.com/collx-product-images/1121460122184091648-2-prQz.jpg,0.44,0.5,,,Donkey on Fire,,1
7/29/26,1121460122762905600,Baseball,222,Nick Gonzales,Pittsburgh Pirates,2025,Topps,2025 Topps Chrome,,RAW,https://storage.googleapis.com/collx-product-images/1121460122762905600-1-z5cT.jpg,https://storage.googleapis.com/collx-product-images/1121460122762905600-2-NdSL.jpg,0.82,1,,,Donkey on Fire,,1
7/29/26,1121460123333330944,Baseball,300,Paul Skenes,Pittsburgh Pirates,2025,Topps,2025 Topps Chrome,,RAW,https://storage.googleapis.com/collx-product-images/1121460123333330944-1-EwzB.jpg,https://storage.googleapis.com/collx-product-images/1121460123333330944-2-uKlT.jpg,1.89,2,,,Donkey on Fire,,1
7/29/26,1121460124021196800,Baseball,671,Bailey Falter,Pittsburgh Pirates,2025,Topps,2025 Topps,,RAW,https://storage.googleapis.com/collx-product-images/1121460124021196800-1-ywaq.jpg,https://storage.googleapis.com/collx-product-images/1121460124021196800-2-uzvY.jpg,1.00,1,,,Donkey on Fire,,1
7/29/26,1121460033180960768,Baseball,559,Roansy Contreras,Pittsburgh Pirates,2023,Topps,2023 Topps,,RAW,https://storage.googleapis.com/collx-product-images/1121460033180960768-1-E3FQ.jpg,https://storage.googleapis.com/collx-product-images/1121460033180960768-2-9k2R.jpg,1.69,1.5,,,Donkey on Fire,,1
7/29/26,1121460024523917312,Baseball,328,Mike Burrows,Pittsburgh Pirates,2025,Topps,2025 Topps Heritage,RC,RAW,https://storage.googleapis.com/collx-product-images/1121460024523917312-1-Ygb.jpg,https://storage.googleapis.com/collx-product-images/1121460024523917312-2-Rv6V.jpg,0.56,0.5,,,Donkey on Fire,,1
7/29/26,1121460025513773056,Baseball,133,Joey Bart,Pittsburgh Pirates,2025,Topps,2025 Topps Chrome,,RAW,https://storage.googleapis.com/collx-product-images/1121460025513773056-1-G5DT.jpg,https://storage.googleapis.com/collx-product-images/1121460025513773056-2-E9Yu.jpg,1.49,1.5,,,Donkey on Fire,,1
7/29/26,1121460026218416128,Baseball,243,Spencer Horwitz,Pittsburgh Pirates,2025,Topps,2025 Topps Chrome,,RAW,https://storage.googleapis.com/collx-product-images/1121460026218416128-1-CGGz.jpg,https://storage.googleapis.com/collx-product-images/1121460026218416128-2-hagB.jpg,0.31,0.5,,,Donkey on Fire,,1
7/29/26,1121460027283769344,Baseball,385,Austin Hedges,Pittsburgh Pirates,2023,Topps,2023 Topps,,RAW,https://storage.googleapis.com/collx-product-images/1121460027283769344-1-JWGi.jpg,https://storage.googleapis.com/collx-product-images/1121460027283769344-2-t1Nq.jpg,1.29,1.5,,,Donkey on Fire,,1
7/29/26,1121460028223293440,Baseball,133,Joey Bart,Pittsburgh Pirates,2025,Topps,2025 Topps Chrome,,RAW,https://storage.googleapis.com/collx-product-images/1121460028223293440-1-uZP2.jpg,https://storage.googleapis.com/collx-product-images/1121460028223293440-2-OLht.jpg,1.49,1.5,,,Donkey on Fire,,1
7/29/26,1121460029213149184,Baseball,47,Bryan Reynolds,Pittsburgh Pirates,2025,Topps,2025 Topps Heritage - Chrome,,RAW,https://storage.googleapis.com/collx-product-images/1121460029213149184-1-S8kQ.jpg,https://storage.googleapis.com/collx-product-images/1121460029213149184-2-1Pxt.jpg,1.60,1.5,,,Donkey on Fire,,1
7/29/26,1121460030161061888,Baseball,491,Ji Hwan Bae,Pittsburgh Pirates,2023,Topps,2023 Topps,RC,RAW,https://storage.googleapis.com/collx-product-images/1121460030161061888-1-wAau.jpg,https://storage.googleapis.com/collx-product-images/1121460030161061888-2-6lJF.jpg,0.99,1,,,Donkey on Fire,,1
7/29/26,1121460031335467008,Baseball,582,Luis Ortiz,Pittsburgh Pirates,2023,Topps,2023 Topps,RC,RAW,https://storage.googleapis.com/collx-product-images/1121460031335467008-1-jdDV.jpg,https://storage.googleapis.com/collx-product-images/1121460031335467008-2-IJFc.jpg,0.99,1,,,Donkey on Fire,,1
7/29/26,1121460032308545536,Baseball,570,Bryan Reynolds,Pittsburgh Pirates,2023,Topps,2023 Topps,,RAW,https://storage.googleapis.com/collx-product-images/1121460032308545536-1-bya.jpg,https://storage.googleapis.com/collx-product-images/1121460032308545536-2-rYsA.jpg,1.33,1.5,,,Donkey on Fire,,1
7/29/26,1121460016244361216,Baseball,536b,Jose Canseco,Oakland Athletics,1991,Donruss,1991 Donruss,,RAW,https://storage.googleapis.com/collx-product-images/1121460016244361216-1-aYt0.jpg,https://storage.googleapis.com/collx-product-images/1121460016244361216-2-VRoF.jpg,0.05,0.25,,,Donkey on Fire,,1
7/29/26,1121460017183885312,Baseball,154b,David Cone,New York Mets,1991,Donruss,1991 Donruss,,RAW,https://storage.googleapis.com/collx-product-images/1121460017183885312-1-mMF6.jpg,https://storage.googleapis.com/collx-product-images/1121460017183885312-2-KOjs.jpg,0.03,0.25,,,Donkey on Fire,,1
7/29/26,1121460018131798016,Baseball,75,Spencer Horwitz,Pittsburgh Pirates,2025,Topps,2025 Topps Heritage - Chrome Light Blue Sparkle Refractor,,RAW,https://storage.googleapis.com/collx-product-images/1121460018131798016-1-Hf7V.jpg,https://storage.googleapis.com/collx-product-images/1121460018131798016-2-xUII.jpg,2.21,2,,,Donkey on Fire,,1
7/29/26,1121460019079710720,Baseball,300,Paul Skenes,Pittsburgh Pirates,2025,Topps,2025 Topps Chrome,,RAW,https://storage.googleapis.com/collx-product-images/1121460019079710720-1-ylqF.jpg,https://storage.googleapis.com/collx-product-images/1121460019079710720-2-62Jb.jpg,1.89,2,,,Donkey on Fire,,1
7/29/26,1121460020069566464,Baseball,SMLB-50,Oneil Cruz,Pittsburgh Pirates,2025,Topps,2025 Topps - Stars of MLB,,RAW,https://storage.googleapis.com/collx-product-images/1121460020069566464-1-Pvon.jpg,https://storage.googleapis.com/collx-product-images/1121460020069566464-2-CWMB.jpg,0.89,1,,,Donkey on Fire,,1
7/29/26,1121460021109753856,Baseball,744,Roger Craig,San Francisco Giants,1989,Topps,1989 Topps,,RAW,https://storage.googleapis.com/collx-product-images/1121460021109753856-1-7tYD.jpg,https://storage.googleapis.com/collx-product-images/1121460021109753856-2-Gruc.jpg,0.99,1,,,Donkey on Fire,,1
7/29/26,1121460022183495680,Baseball,133,Joey Bart,Pittsburgh Pirates,2025,Topps,2025 Topps Chrome,,RAW,https://storage.googleapis.com/collx-product-images/1121460022183495680-1-T41.jpg,https://storage.googleapis.com/collx-product-images/1121460022183495680-2-Fi9.jpg,1.49,1.5,,,Donkey on Fire,,1
7/29/26,1121460023274014720,Baseball,80,Nick Yorke,Pittsburgh Pirates,2025,Topps,2025 Topps Heritage,RC,RAW,https://storage.googleapis.com/collx-product-images/1121460023274014720-1-SHb.jpg,https://storage.googleapis.com/collx-product-images/1121460023274014720-2-f9X.jpg,0.79,1,,,Donkey on Fire,,1
7/29/26,1121460009869019136,Baseball,RESA-JLE,Jack Leiter,Texas Rangers,2025,Topps,2025 Topps Inception - Rookie and Emerging Stars Autographs,"AU, SN199",RAW,https://storage.googleapis.com/collx-product-images/1121460009869019136-1-NuMH.jpg,https://storage.googleapis.com/collx-product-images/1121460009869019136-2-E4.jpg,,25,,,Donkey on Fire,,1
7/29/26,1121460010464610304,Baseball,341,Willie Mays,San Francisco Giants,2025,Topps,2025 Topps Heritage,,RAW,https://storage.googleapis.com/collx-product-images/1121460010464610304-1-MrE6.jpg,https://storage.googleapis.com/collx-product-images/1121460010464610304-2-R8lc.jpg,1.45,1.5,,,Donkey on Fire,,1
7/29/26,1121460011437688832,Baseball,60,Paul Skenes,Pittsburgh Pirates,2025,Topps,2025 Topps Heritage,,RAW,https://storage.googleapis.com/collx-product-images/1121460011437688832-1-QfEw.jpg,https://storage.googleapis.com/collx-product-images/1121460011437688832-2-rN5U.jpg,1.25,1.5,,,Donkey on Fire,,1
7/29/26,1121460012410767360,Baseball,345,Roberto Clemente,Pittsburgh Pirates,2025,Topps,2025 Topps Heritage,,RAW,https://storage.googleapis.com/collx-product-images/1121460012410767360-1-KOx3.jpg,https://storage.googleapis.com/collx-product-images/1121460012410767360-2-QBQI.jpg,1.75,2,,,Donkey on Fire,,1
7/29/26,1121460013358680064,Baseball,303,Yasmani Grandal,Pittsburgh Pirates,2025,Topps,2025 Topps Heritage - Black Border,,RAW,https://storage.googleapis.com/collx-product-images/1121460013358680064-1-75DG.jpg,https://storage.googleapis.com/collx-product-images/1121460013358680064-2-gJc.jpg,4.00,4,,,Donkey on Fire,,1
7/29/26,1121460014331758592,Baseball,109,Michael Conforto,New York Mets,2019,Topps,2019 Topps,,RAW,https://storage.googleapis.com/collx-product-images/1121460014331758592-1-IkIZ.jpg,https://storage.googleapis.com/collx-product-images/1121460014331758592-2-8DHU.jpg,1.80,2,,,Donkey on Fire,,1
7/29/26,1121460015279671296,Baseball,83,Manny Ramirez,Boston Red Sox,2003,Bowman,2003 Bowman,,RAW,https://storage.googleapis.com/collx-product-images/1121460015279671296-1-EA8D.jpg,https://storage.googleapis.com/collx-product-images/1121460015279671296-2-tnlG.jpg,0.61,0.5,,,Donkey on Fire,,1
7/23/26,1117117827334620160,Baseball,51,Miguel Vargas,Chicago White Sox,2025,Topps,2025 Topps Chrome - Refractors,,RAW,https://storage.googleapis.com/collx-product-images/1117117827334620160-1-zAYN.jpg,https://storage.googleapis.com/collx-product-images/1117117827334620160-2-SPgr.jpg,0.03,0.25,,,J&M Cards,,1
7/23/26,1117117779150455808,Baseball,21,Triston McKenzie,Cleveland Guardians,2025,Topps,2025 Topps Chrome - Prism Refractors,,RAW,https://storage.googleapis.com/collx-product-images/1117117779150455808-1-ISqg.jpg,https://storage.googleapis.com/collx-product-images/1117117779150455808-2-HU0.jpg,0.86,1,,,J&M Cards,,1
7/23/26,1117117771021894656,Baseball,56,Emmanuel Clase,Cleveland Guardians,2025,Topps,2025 Topps All-Star Game,,RAW,https://storage.googleapis.com/collx-product-images/1117117771021894656-1-ljVb.jpg,https://storage.googleapis.com/collx-product-images/1117117771021894656-2-GxgX.jpg,0.99,1,,,J&M Cards,,1
7/23/26,1117117775115535360,Baseball,SMLBC-58,Kris Bryant,Colorado Rockies,2023,Topps,2023 Topps - Stars of MLB Chrome,,RAW,https://storage.googleapis.com/collx-product-images/1117117775115535360-1-uXux.jpg,https://storage.googleapis.com/collx-product-images/1117117775115535360-2-WIog.jpg,0.99,1,,,J&M Cards,,1
7/23/26,1117117762423571456,Baseball,255,Adael Amador,Colorado Rockies,2025,Topps,2025 Topps Chrome - Prism Refractors,RC,RAW,https://storage.googleapis.com/collx-product-images/1117117762423571456-1-dZcv.jpg,https://storage.googleapis.com/collx-product-images/1117117762423571456-2-DN1p.jpg,0.99,1,,,J&M Cards,,1
7/23/26,1117117766668207104,Baseball,SMLB-43,Oscar Gonzalez,Cleveland Guardians,2023,Topps,2023 Topps - Stars of MLB,,RAW,https://storage.googleapis.com/collx-product-images/1117117766668207104-1-sRIp.jpg,https://storage.googleapis.com/collx-product-images/1117117766668207104-2-uSM3.jpg,0.99,1,,,J&M Cards,,1
7/23/26,1117117754303398912,Baseball,SMLB-43,Oscar Gonzalez,Cleveland Guardians,2023,Topps,2023 Topps - Stars of MLB,,RAW,https://storage.googleapis.com/collx-product-images/1117117754303398912-1-7LRq.jpg,https://storage.googleapis.com/collx-product-images/1117117754303398912-2-UMwA.jpg,0.99,1,,,J&M Cards,,1
7/23/26,1117117758497702912,Baseball,238,Aaron Schunk,Colorado Rockies,2025,Topps,2025 Topps Chrome - X-Fractors,RC,RAW,https://storage.googleapis.com/collx-product-images/1117117758497702912-1-DYEK.jpg,https://storage.googleapis.com/collx-product-images/1117117758497702912-2-eE4W.jpg,0.93,1,,,J&M Cards,,1
7/23/26,1117117745537303552,Baseball,RR-14,Drew Thorpe,Chicago White Sox,2025,Bowman,2025 Bowman - Rockstar Rookies,,RAW,https://storage.googleapis.com/collx-product-images/1117117745537303552-1-9vvF.jpg,https://storage.googleapis.com/collx-product-images/1117117745537303552-2-K1dw.jpg,0.98,1,,,J&M Cards,,1
7/23/26,1117117750142649344,Baseball,32,Nolan Jones,Cleveland Guardians,2025,Topps,2025 Topps Chrome - Prism Refractors,,RAW,https://storage.googleapis.com/collx-product-images/1117117750142649344-1-T43z.jpg,https://storage.googleapis.com/collx-product-images/1117117750142649344-2-3Vd0.jpg,0.99,1,,,J&M Cards,,1
7/23/26,1117117737593291776,Baseball,695,Carlton Fisk,Chicago White Sox,1989,Topps,1989 Topps,,RAW,https://storage.googleapis.com/collx-product-images/1117117737593291776-1-GCiM.jpg,https://storage.googleapis.com/collx-product-images/1117117737593291776-2-ewvu.jpg,0.39,0.5,,,J&M Cards,,1
7/23/26,1117117741561103360,Baseball,127,Rafael Devers,Boston Red Sox,2025,Topps,2025 Topps Chrome - Refractors,,RAW,https://storage.googleapis.com/collx-product-images/1117117741561103360-1-9AFI.jpg,https://storage.googleapis.com/collx-product-images/1117117741561103360-2-jkr.jpg,,1,,,J&M Cards,,1
7/23/26,1117117728860750848,Baseball,GL-3,Kevin Alcántara,Chicago Cubs,2025,Bowman,2025 Bowman - Greatness Loading,,RAW,https://storage.googleapis.com/collx-product-images/1117117728860750848-1-Yws.jpg,https://storage.googleapis.com/collx-product-images/1117117728860750848-2-awtq.jpg,0.99,1,,,J&M Cards,,1
7/23/26,1117117732795008000,Baseball,210,Seiya Suzuki,Chicago Cubs,2025,Topps,2025 Topps Chrome - X-Fractors,,RAW,https://storage.googleapis.com/collx-product-images/1117117732795008000-1-TIxy.jpg,https://storage.googleapis.com/collx-product-images/1117117732795008000-2-C1G4.jpg,1.00,1,,,J&M Cards,,1
7/23/26,1117117724473508864,Baseball,4,Adrian Del Castillo,Arizona Diamondbacks,2025,Bowman,2025 Bowman,RC,RAW,https://storage.googleapis.com/collx-product-images/1117117724473508864-1-OKu.jpg,https://storage.googleapis.com/collx-product-images/1117117724473508864-2-SWeV.jpg,1.00,1,,,J&M Cards,,1
7/23/26,1117117714600117248,Baseball,240,Adrian Del Castillo,Arizona Diamondbacks,2025,Topps,2025 Topps Chrome,RC,RAW,https://storage.googleapis.com/collx-product-images/1117117714600117248-1-dlfn.jpg,https://storage.googleapis.com/collx-product-images/1117117714600117248-2-0WZX.jpg,0.99,1,,,J&M Cards,,1
7/23/26,1117117718937027584,Baseball,240,Adrian Del Castillo,Arizona Diamondbacks,2025,Topps,2025 Topps Chrome,RC,RAW,https://storage.googleapis.com/collx-product-images/1117117718937027584-1-vk5U.jpg,https://storage.googleapis.com/collx-product-images/1117117718937027584-2-5ZbR.jpg,0.99,1,,,J&M Cards,,1
7/23/26,1117117705406202880,Baseball,102,Cristian Mena,Arizona Diamondbacks,2025,Topps,2025 Topps Chrome,RC,RAW,https://storage.googleapis.com/collx-product-images/1117117705406202880-1-rTZq.jpg,https://storage.googleapis.com/collx-product-images/1117117705406202880-2-eO4X.jpg,0.99,1,,,J&M Cards,,1
7/23/26,1117117709600506880,Baseball,240,Adrian Del Castillo,Arizona Diamondbacks,2025,Topps,2025 Topps Chrome,RC,RAW,https://storage.googleapis.com/collx-product-images/1117117709600506880-1-bcFj.jpg,https://storage.googleapis.com/collx-product-images/1117117709600506880-2-wVSA.jpg,0.99,1,,,J&M Cards,,1
7/23/26,1117117696220677120,Baseball,123,Nick Sogard,Boston Red Sox,2025,Topps,2025 Topps Chrome - X-Fractors,RC,RAW,https://storage.googleapis.com/collx-product-images/1117117696220677120-1-tbUb.jpg,https://storage.googleapis.com/collx-product-images/1117117696220677120-2-vO19.jpg,1.00,1,,,J&M Cards,,1
7/23/26,1117117700599530496,Baseball,79,Jarren Duran,Boston Red Sox,2025,Topps,2025 Topps Chrome - Refractors,,RAW,https://storage.googleapis.com/collx-product-images/1117117700599530496-1-Ryuk.jpg,https://storage.googleapis.com/collx-product-images/1117117700599530496-2-Kotb.jpg,1.50,1.5,,,J&M Cards,,1
7/23/26,1117117686926099456,Baseball,102,Cristian Mena,Arizona Diamondbacks,2025,Topps,2025 Topps Chrome,RC,RAW,https://storage.googleapis.com/collx-product-images/1117117686926099456-1-YRzJ.jpg,https://storage.googleapis.com/collx-product-images/1117117686926099456-2-l75X.jpg,0.99,1,,,J&M Cards,,1
7/23/26,1117117691564999680,Baseball,BP-61,D'Angelo Ortiz,Boston Red Sox,2025,Bowman,2025 Bowman - Prospects,,RAW,https://storage.googleapis.com/collx-product-images/1117117691564999680-1-geSB.jpg,https://storage.googleapis.com/collx-product-images/1117117691564999680-2-wHGW.jpg,1.00,1,,,J&M Cards,,1
7/23/26,1117117682169758720,Baseball,203,Spencer Schwellenbach,Atlanta Braves,2025,Topps,2025 Topps Chrome - Refractors,RC,RAW,https://storage.googleapis.com/collx-product-images/1117117682169758720-1-KxeT.jpg,https://storage.googleapis.com/collx-product-images/1117117682169758720-2-qb5E.jpg,0.75,1,,,J&M Cards,,1
7/23/26,1117117672900346880,Baseball,VIP-6,Matt Shaw,Chicago Cubs,2025,Bowman,2025 Bowman - Very Important Prospects,,RAW,https://storage.googleapis.com/collx-product-images/1117117672900346880-1-8R3p.jpg,https://storage.googleapis.com/collx-product-images/1117117672900346880-2-xhqM.jpg,0.85,1,,,J&M Cards,,1
7/23/26,1117117677539247104,Baseball,BTP-24,Matt Shaw,Chicago Cubs,2025,Bowman,2025 Bowman - Bowman Scouts Top 100,,RAW,https://storage.googleapis.com/collx-product-images/1117117677539247104-1-fTr8.jpg,https://storage.googleapis.com/collx-product-images/1117117677539247104-2-Hu8i.jpg,0.99,1,,,J&M Cards,,1
7/23/26,1117117621335573504,Baseball,VIP-7,Chase Burns,Cincinnati Reds,2025,Bowman,2025 Bowman - Very Important Prospects,,RAW,https://storage.googleapis.com/collx-product-images/1117117621335573504-1-vPKR.jpg,https://storage.googleapis.com/collx-product-images/1117117621335573504-2-7HoR.jpg,0.99,1,,,J&M Cards,,1
7/23/26,1117117613534168064,Baseball,628,Noelvi Marte,Cincinnati Reds,2025,Topps,2025 Topps,,RAW,https://storage.googleapis.com/collx-product-images/1117117613534168064-1-5Tj9.jpg,https://storage.googleapis.com/collx-product-images/1117117613534168064-2-iBAl.jpg,1.59,1.5,,,J&M Cards,,1
7/23/26,1117117617594254336,Baseball,RR-4,Rhett Lowder,Cincinnati Reds,2025,Bowman,2025 Bowman - Rockstar Rookies,,RAW,https://storage.googleapis.com/collx-product-images/1117117617594254336-1-lZZ2.jpg,https://storage.googleapis.com/collx-product-images/1117117617594254336-2-4m88.jpg,1.17,1,,,J&M Cards,,1
7/23/26,1117117604843570176,Baseball,372,Yoan Moncada,Chicago White Sox,2022,Topps,2022 Topps Chrome Sapphire Edition,,RAW,https://storage.googleapis.com/collx-product-images/1117117604843570176-1-VECp.jpg,https://storage.googleapis.com/collx-product-images/1117117604843570176-2-lUlC.jpg,1.12,1,,,J&M Cards,,1
7/23/26,1117117609163703296,Baseball,528,Jake Burger,Chicago White Sox,2023,Topps,2023 Topps - Rainbow Foil,,RAW,https://storage.googleapis.com/collx-product-images/1117117609163703296-1-eVdR.jpg,https://storage.googleapis.com/collx-product-images/1117117609163703296-2-OiD.jpg,1.62,1.5,,,J&M Cards,,1
7/23/26,1117117595674821632,Baseball,149,Shota Imanaga,Chicago Cubs,2025,Topps,2025 Topps Chrome,,RAW,https://storage.googleapis.com/collx-product-images/1117117595674821632-1-4K9N.jpg,https://storage.googleapis.com/collx-product-images/1117117595674821632-2-7Br3.jpg,1.25,1,,,J&M Cards,,1
7/23/26,1117117600624100352,Baseball,103,Kyle Tucker,Chicago Cubs,2025,Topps,2025 Topps Chrome - Topps Refractors,,RAW,https://storage.googleapis.com/collx-product-images/1117117600624100352-1-5lsY.jpg,https://storage.googleapis.com/collx-product-images/1117117600624100352-2-vSTM.jpg,1.25,1.5,,,J&M Cards,,1
7/23/26,1117117586136974336,Baseball,22,Matthew Boyd,Chicago Cubs,2025,Topps,2025 Topps MLB World Tour Tokyo Series Takashi Murakami Complex Exclusive,,RAW,https://storage.googleapis.com/collx-product-images/1117117586136974336-1-zLMw.jpg,https://storage.googleapis.com/collx-product-images/1117117586136974336-2-CB8C.jpg,1.50,1.5,,,J&M Cards,,1
7/23/26,1117117591237248000,Baseball,72,Richard Fitts,Boston Red Sox,2025,Topps,2025 Topps Chrome - Prism Refractors,RC,RAW,https://storage.googleapis.com/collx-product-images/1117117591237248000-1-vhMQ.jpg,https://storage.googleapis.com/collx-product-images/1117117591237248000-2-JIOW.jpg,1.22,1,,,J&M Cards,,1
7/23/26,1117117581439353856,Baseball,171,Kristian Campbell,Boston Red Sox,2025,Topps,2025 Topps Chrome,RC,RAW,https://storage.googleapis.com/collx-product-images/1117117581439353856-1-4fNC.jpg,https://storage.googleapis.com/collx-product-images/1117117581439353856-2-IrMW.jpg,1.49,1.5,,,J&M Cards,,1
7/23/26,1117117571935060992,Baseball,BCP-42,Kristian Campbell,Boston Red Sox,2025,Bowman,2025 Bowman - Chrome Prospects,,RAW,https://storage.googleapis.com/collx-product-images/1117117571935060992-1-Bpn.jpg,https://storage.googleapis.com/collx-product-images/1117117571935060992-2-FvKM.jpg,1.25,1.5,,,J&M Cards,,1
7/23/26,1117117576825619456,Baseball,102,Cristian Mena,Arizona Diamondbacks,2025,Topps,2025 Topps Chrome,RC,RAW,https://storage.googleapis.com/collx-product-images/1117117576825619456-1-nQpw.jpg,https://storage.googleapis.com/collx-product-images/1117117576825619456-2-kC4t.jpg,0.99,1,,,J&M Cards,,1
7/23/26,1117117562749535232,Baseball,GL-2,Coby Mayo,Baltimore Orioles,2025,Bowman,2025 Bowman - Greatness Loading,,RAW,https://storage.googleapis.com/collx-product-images/1117117562749535232-1-T3Oa.jpg,https://storage.googleapis.com/collx-product-images/1117117562749535232-2-h4CI.jpg,1.40,1.5,,,J&M Cards,,1
7/23/26,1117117567849808896,Baseball,415,Austin Hays,Baltimore Orioles,2022,Topps,2022 Topps Chrome Sapphire Edition,,RAW,https://storage.googleapis.com/collx-product-images/1117117567849808896-1-AhR9.jpg,https://storage.googleapis.com/collx-product-images/1117117567849808896-2-aOdR.jpg,1.99,1.99,,,J&M Cards,,1
7/23/26,1117117553253630976,Baseball,90,Hurston Waldrep,Atlanta Braves,2025,Topps,2025 Topps Chrome,RC,RAW,https://storage.googleapis.com/collx-product-images/1117117553253630976-1-QErQ.jpg,https://storage.googleapis.com/collx-product-images/1117117553253630976-2-jHXy.jpg,1.19,1,,,J&M Cards,,1
7/23/26,1117117557800256512,Baseball,5,Cedric Mullins,Baltimore Orioles,2025,Topps,2025 Topps Chrome - Refractors,,RAW,https://storage.googleapis.com/collx-product-images/1117117557800256512-1-ox6O.jpg,https://storage.googleapis.com/collx-product-images/1117117557800256512-2-jSXG.jpg,1.79,2,,,J&M Cards,,1
7/23/26,1117117547901699072,Baseball,SMLB-36,Austin Riley,Atlanta Braves,2023,Topps,2023 Topps - Stars of MLB,,RAW,https://storage.googleapis.com/collx-product-images/1117117547901699072-1-ipAU.jpg,https://storage.googleapis.com/collx-product-images/1117117547901699072-2-8pMm.jpg,1.29,1.5,,,J&M Cards,,1
7/23/26,1117117538640675840,Baseball,90,Hurston Waldrep,Atlanta Braves,2025,Topps,2025 Topps Chrome,RC,RAW,https://storage.googleapis.com/collx-product-images/1117117538640675840-1-bCKc.jpg,https://storage.googleapis.com/collx-product-images/1117117538640675840-2-CWnI.jpg,1.19,1,,,J&M Cards,,1
7/23/26,1117117543581565952,Baseball,193,Matt Olson,Atlanta Braves,2025,Topps,2025 Topps Chrome - X-Fractors,,RAW,https://storage.googleapis.com/collx-product-images/1117117543581565952-1-Do1.jpg,https://storage.googleapis.com/collx-product-images/1117117543581565952-2-9kug.jpg,1.75,2,,,J&M Cards,,1
7/23/26,1117117530294010880,Baseball,268,Corbin Carroll,Arizona Diamondbacks,2025,Topps,2025 Topps Chrome - Refractors,,RAW,https://storage.googleapis.com/collx-product-images/1117117530294010880-1-fv3W.jpg,https://storage.googleapis.com/collx-product-images/1117117530294010880-2-lkAh.jpg,1.50,1.5,,,J&M Cards,,1
7/23/26,1117117534454760448,Baseball,75,Nacho Alvarez Jr.,Atlanta Braves,2025,Topps,2025 Topps Chrome,RC,RAW,https://storage.googleapis.com/collx-product-images/1117117534454760448-1-SPCc.jpg,https://storage.googleapis.com/collx-product-images/1117117534454760448-2-qutF.jpg,1.39,1.5,,,J&M Cards,,1
7/23/26,1117117521200759808,Baseball,75,Nacho Alvarez Jr.,Atlanta Braves,2025,Topps,2025 Topps Chrome,RC,RAW,https://storage.googleapis.com/collx-product-images/1117117521200759808-1-2OvK.jpg,https://storage.googleapis.com/collx-product-images/1117117521200759808-2-YMii.jpg,1.39,1.5,,,J&M Cards,,1
7/23/26,1117117526242313216,Baseball,143,Jurickson Profar,Atlanta Braves,2025,Topps,2025 Topps Chrome - Refractors,,RAW,https://storage.googleapis.com/collx-product-images/1117117526242313216-1-GZKy.jpg,https://storage.googleapis.com/collx-product-images/1117117526242313216-2-2HCQ.jpg,1.89,1.89,,,J&M Cards,,1
7/23/26,1117117510220071936,Baseball,BTP-90,Jefferson Rojas,Chicago Cubs,2025,Bowman,2025 Bowman - Bowman Scouts Top 100,,RAW,https://storage.googleapis.com/collx-product-images/1117117510220071936-1-6HG1.jpg,https://storage.googleapis.com/collx-product-images/1117117510220071936-2-B2JR.jpg,1.11,1,,,J&M Cards,,1
7/23/26,1117117515991434240,Baseball,BTP-94,James Triantos,Chicago Cubs,2025,Bowman,2025 Bowman - Bowman Scouts Top 100,,RAW,https://storage.googleapis.com/collx-product-images/1117117515991434240-1-siv.jpg,https://storage.googleapis.com/collx-product-images/1117117515991434240-2-DEwA.jpg,1.29,1.5,,,J&M Cards,,1
7/23/26,1117117454788150272,Baseball,291,Jhonkensy Noel,Cleveland Guardians,2025,Topps,2025 Topps Chrome - Refractors,RC,RAW,https://storage.googleapis.com/collx-product-images/1117117454788150272-1-rjcw.jpg,https://storage.googleapis.com/collx-product-images/1117117454788150272-2-NeTc.jpg,,5,,,J&M Cards,,1
7/23/26,1117117459133449216,Baseball,135,Emmanuel Clase,Cleveland Guardians,2025,Topps,2025 Topps Chrome - Refractors,,RAW,https://storage.googleapis.com/collx-product-images/1117117459133449216-1-U68C.jpg,https://storage.googleapis.com/collx-product-images/1117117459133449216-2-o2YZ.jpg,,2,,,J&M Cards,,1
7/23/26,1117117446139495424,Baseball,405,Kris Bryant,Colorado Rockies,2025,Topps,2025 Topps - Holo Foil,,RAW,https://storage.googleapis.com/collx-product-images/1117117446139495424-1-u9o0.jpg,https://storage.googleapis.com/collx-product-images/1117117446139495424-2-J20A.jpg,,2,,,J&M Cards,,1
7/23/26,1117117450249913344,Baseball,118,Brenton Doyle,Colorado Rockies,2025,Topps,2025 Topps Chrome - Refractors,,RAW,https://storage.googleapis.com/collx-product-images/1117117450249913344-1-UsCg.jpg,https://storage.googleapis.com/collx-product-images/1117117450249913344-2-0jv.jpg,,2,,,J&M Cards,,1
7/23/26,1117117439034344448,Baseball,154,Ezequiel Tovar,Colorado Rockies,2025,Topps,2025 Topps Chrome - Prism Refractors,,RAW,https://storage.googleapis.com/collx-product-images/1117117439034344448-1-miyK.jpg,https://storage.googleapis.com/collx-product-images/1117117439034344448-2-JpP.jpg,,2,,,J&M Cards,,1
7/23/26,1117117442641445888,Baseball,112,Tyler Stephenson,Cincinnati Reds,2025,Topps,2025 Topps Chrome - Refractors,,RAW,https://storage.googleapis.com/collx-product-images/1117117442641445888-1-sFjn.jpg,https://storage.googleapis.com/collx-product-images/1117117442641445888-2-Gt4K.jpg,,2,,,J&M Cards,,1
7/23/26,1117117429211284480,Baseball,72,Richard Fitts,Boston Red Sox,2025,Topps,2025 Topps Chrome - Refractors,RC,RAW,https://storage.googleapis.com/collx-product-images/1117117429211284480-1-yGAN.jpg,https://storage.googleapis.com/collx-product-images/1117117429211284480-2-Zjq3.jpg,,2,,,J&M Cards,,1
7/23/26,1117117434127008768,Baseball,171,Kristian Campbell,Boston Red Sox,2025,Topps,2025 Topps Chrome - Refractors,RC,RAW,https://storage.googleapis.com/collx-product-images/1117117434127008768-1-1rrn.jpg,https://storage.googleapis.com/collx-product-images/1117117434127008768-2-K5q6.jpg,10.00,10,,,J&M Cards,,1
7/23/26,1117117420042535936,Baseball,117,Mike Tauchman,Chicago White Sox,2025,Topps,2025 Topps Chrome - Refractors,,RAW,https://storage.googleapis.com/collx-product-images/1117117420042535936-1-YiJR.jpg,https://storage.googleapis.com/collx-product-images/1117117420042535936-2-HxD1.jpg,,2,,,J&M Cards,,1
7/23/26,1117117424782099456,Baseball,10,Connor Wong,Boston Red Sox,2025,Topps,2025 Topps Chrome - Refractors,,RAW,https://storage.googleapis.com/collx-product-images/1117117424782099456-1-0Wnq.jpg,https://storage.googleapis.com/collx-product-images/1117117424782099456-2-28yK.jpg,,2,,,J&M Cards,,1
7/23/26,1117117410034926592,Baseball,645,Kutter Crawford,Boston Red Sox,2022,Topps,2022 Topps Chrome Sapphire Edition,RC,RAW,https://storage.googleapis.com/collx-product-images/1117117410034926592-1-RYo9.jpg,https://storage.googleapis.com/collx-product-images/1117117410034926592-2-p10z.jpg,2.27,2.5,,,J&M Cards,,1
7/23/26,1117117414514443264,Baseball,10,Connor Wong,Boston Red Sox,2025,Topps,2025 Topps Chrome - Prism Refractors,,RAW,https://storage.googleapis.com/collx-product-images/1117117414514443264-1-8TXn.jpg,https://storage.googleapis.com/collx-product-images/1117117414514443264-2-7UvN.jpg,,2,,,J&M Cards,,1
7/23/26,1117117405203088384,Baseball,72,Richard Fitts,Boston Red Sox,2025,Topps,2025 Topps Chrome - Refractors,RC,RAW,https://storage.googleapis.com/collx-product-images/1117117405203088384-1-mu5r.jpg,https://storage.googleapis.com/collx-product-images/1117117405203088384-2-4eFg.jpg,,2,,,J&M Cards,,1
7/23/26,1117117396839646208,Baseball,132,James Wood,Washington Nationals,2025,Topps,2025 Topps Chrome - Prism Refractors,RC,RAW,https://storage.googleapis.com/collx-product-images/1117117396839646208-1-u0sF.jpg,https://storage.googleapis.com/collx-product-images/1117117396839646208-2-GAiA.jpg,6.00,6,,,J&M Cards,,1
7/23/26,1117117400807457792,Baseball,270,DJ Herz,Washington Nationals,2025,Topps,2025 Topps Chrome - Refractors,RC,RAW,https://storage.googleapis.com/collx-product-images/1117117400807457792-1-D0Rj.jpg,https://storage.googleapis.com/collx-product-images/1117117400807457792-2-Q6Vq.jpg,,2,,,J&M Cards,,1
7/23/26,1117117387670897664,Baseball,272,Ketel Marte,Arizona Diamondbacks,2025,Topps,2025 Topps Chrome - Refractors,,RAW,https://storage.googleapis.com/collx-product-images/1117117387670897664-1-EF6J.jpg,https://storage.googleapis.com/collx-product-images/1117117387670897664-2-gNg.jpg,,2,,,J&M Cards,,1
7/23/26,1117117392183968768,Baseball,4,Zac Gallen,Arizona Diamondbacks,2025,Topps,2025 Topps Chrome - Refractors,,RAW,https://storage.googleapis.com/collx-product-images/1117117392183968768-1-HSxb.jpg,https://storage.googleapis.com/collx-product-images/1117117392183968768-2-kf8f.jpg,,2,,,J&M Cards,,1
7/23/26,1117117379223569408,Baseball,BCP-67,Franklin Arias,Boston Red Sox,2025,Bowman,2025 Bowman - Chrome Prospects,,RAW,https://storage.googleapis.com/collx-product-images/1117117379223569408-1-QPHy.jpg,https://storage.googleapis.com/collx-product-images/1117117379223569408-2-1F3L.jpg,3.00,4.5,,,J&M Cards,,1
7/23/26,1117117383434650624,Baseball,8,Yilber Diaz,Arizona Diamondbacks,2025,Topps,2025 Topps Chrome - X-Fractors,RC,RAW,https://storage.googleapis.com/collx-product-images/1117117383434650624-1-L4rf.jpg,https://storage.googleapis.com/collx-product-images/1117117383434650624-2-CpsU.jpg,,2,,,J&M Cards,,1
7/23/26,1117117369853494272,Baseball,169,Grant Holmes,Atlanta Braves,2025,Topps,2025 Topps Chrome,RC,RAW,https://storage.googleapis.com/collx-product-images/1117117369853494272-1-fJ2O.jpg,https://storage.googleapis.com/collx-product-images/1117117369853494272-2-aL2r.jpg,2.00,2,,,J&M Cards,,1
7/23/26,1117117374500783104,Baseball,143,Jurickson Profar,Atlanta Braves,2025,Topps,2025 Topps Chrome - X-Fractors,,RAW,https://storage.googleapis.com/collx-product-images/1117117374500783104-1-3oSU.jpg,https://storage.googleapis.com/collx-product-images/1117117374500783104-2-Yq9y.jpg,,2,,,J&M Cards,,1
7/23/26,1117117360877683712,Baseball,46,Spencer Strider,Atlanta Braves,2025,Topps,2025 Topps Chrome - Refractors,,RAW,https://storage.googleapis.com/collx-product-images/1117117360877683712-1-ZkaM.jpg,https://storage.googleapis.com/collx-product-images/1117117360877683712-2-Z55w.jpg,3.00,3,,,J&M Cards,,1
7/23/26,1117117365206205440,Baseball,169,Grant Holmes,Atlanta Braves,2025,Topps,2025 Topps Chrome,RC,RAW,https://storage.googleapis.com/collx-product-images/1117117365206205440-1-GonH.jpg,https://storage.googleapis.com/collx-product-images/1117117365206205440-2-OSOv.jpg,2.00,2,,,J&M Cards,,1
7/23/26,1117117351063012352,Baseball,210,Seiya Suzuki,Chicago Cubs,2025,Topps,2025 Topps Chrome - Refractors,,RAW,https://storage.googleapis.com/collx-product-images/1117117351063012352-1-WDGC.jpg,https://storage.googleapis.com/collx-product-images/1117117351063012352-2-Ce5a.jpg,0.50,2,,,J&M Cards,,1
7/23/26,1117117356549161984,Baseball,238,Aaron Schunk,Colorado Rockies,2025,Topps,2025 Topps Chrome - Refractors,RC,RAW,https://storage.googleapis.com/collx-product-images/1117117356549161984-1-pOYz.jpg,https://storage.googleapis.com/collx-product-images/1117117356549161984-2-7Qiz.jpg,,2,,,J&M Cards,,1
7/21/26,1115678822734813184,Baseball,600,Wade Boggs,Boston Red Sox,1989,Topps,1989 Topps,,RAW,https://storage.googleapis.com/collx-product-images/1115678822734813184-1-7B5R.jpg,https://storage.googleapis.com/collx-product-images/1115678822734813184-2-o8dj.jpg,0.19,0.25,,,J&M Cards,,1
7/21/26,1115678826811676672,Baseball,784,Steve Avery,Atlanta Braves,1989,Topps,1989 Topps,RC,RAW,https://storage.googleapis.com/collx-product-images/1115678826811676672-1-ayYo.jpg,https://storage.googleapis.com/collx-product-images/1115678826811676672-2-7fC.jpg,1.29,1.5,,,J&M Cards,,1
7/21/26,1115678816023926784,Baseball,399,Wade Boggs,Boston Red Sox,1989,Topps,1989 Topps,,RAW,https://storage.googleapis.com/collx-product-images/1115678816023926784-1-mynQ.jpg,https://storage.googleapis.com/collx-product-images/1115678816023926784-2-sr6.jpg,0.16,0.25,,,J&M Cards,,1
7/21/26,1115678807165556736,Baseball,713,Ty Griffin,Chicago Cubs,1989,Topps,1989 Topps,RC,RAW,https://storage.googleapis.com/collx-product-images/1115678807165556736-1-tXJ0.jpg,https://storage.googleapis.com/collx-product-images/1115678807165556736-2-TAp0.jpg,0.66,0.5,,,J&M Cards,,1
7/21/26,1115678811426969600,Baseball,600,Wade Boggs,Boston Red Sox,1989,Topps,1989 Topps,,RAW,https://storage.googleapis.com/collx-product-images/1115678811426969600-1-RTZX.jpg,https://storage.googleapis.com/collx-product-images/1115678811426969600-2-nMuu.jpg,0.19,0.25,,,J&M Cards,,1
7/21/26,1115678797443160064,Baseball,764,Robin Ventura,Chicago White Sox,1989,Topps,1989 Topps,RC,RAW,https://storage.googleapis.com/collx-product-images/1115678797443160064-1-5Qqs.jpg,https://storage.googleapis.com/collx-product-images/1115678797443160064-2-sTbO.jpg,1.75,2,,,J&M Cards,,1
7/21/26,1115678802669262848,Baseball,713,Ty Griffin,Chicago Cubs,1989,Topps,1989 Topps,RC,RAW,https://storage.googleapis.com/collx-product-images/1115678802669262848-1-B61B.jpg,https://storage.googleapis.com/collx-product-images/1115678802669262848-2-nqsv.jpg,0.66,0.5,,,J&M Cards,,1
7/21/26,1115678793047529472,Baseball,651,Tom Niedenfuer,Baltimore Orioles,1989,Topps,1989 Topps,,RAW,https://storage.googleapis.com/collx-product-images/1115678793047529472-1-CX55.jpg,https://storage.googleapis.com/collx-product-images/1115678793047529472-2-RuB8.jpg,0.89,1,,,J&M Cards,,1
7/21/26,1115678739712759808,Baseball,537,Pete Smith,Atlanta Braves,1989,Topps,1989 Topps,,RAW,https://storage.googleapis.com/collx-product-images/1115678739712759808-1-TJjE.jpg,https://storage.googleapis.com/collx-product-images/1115678739712759808-2-cCzV.jpg,1.44,1.5,,,J&M Cards,,1
7/21/26,1115678730317518848,Baseball,179,Ozzie Virgil,Atlanta Braves,1989,Topps,1989 Topps,,RAW,https://storage.googleapis.com/collx-product-images/1115678730317518848-1-3hhS.jpg,https://storage.googleapis.com/collx-product-images/1115678730317518848-2-NPTI.jpg,0.74,0.5,,,J&M Cards,,1
7/21/26,1115678735115802624,Baseball,382,John Smoltz,Atlanta Braves,1989,Topps,1989 Topps,RC,RAW,https://storage.googleapis.com/collx-product-images/1115678735115802624-1-hasD.jpg,https://storage.googleapis.com/collx-product-images/1115678735115802624-2-IHBV.jpg,1.50,1.5,,,J&M Cards,,1
7/21/26,1115678721652086784,Baseball,271,Jay Tibbs,Baltimore Orioles,1989,Topps,1989 Topps,,RAW,https://storage.googleapis.com/collx-product-images/1115678721652086784-1-gJfE.jpg,https://storage.googleapis.com/collx-product-images/1115678721652086784-2-I9Ou.jpg,0.05,0.25,,,J&M Cards,,1
7/21/26,1115678726056105984,Baseball,382,John Smoltz,Atlanta Braves,1989,Topps,1989 Topps,RC,RAW,https://storage.googleapis.com/collx-product-images/1115678726056105984-1-Sv39.jpg,https://storage.googleapis.com/collx-product-images/1115678726056105984-2-ZJYY.jpg,1.50,1.5,,,J&M Cards,,1
7/21/26,1115678716493092864,Baseball,152,Mark Thurmond,Baltimore Orioles,1989,Topps,1989 Topps,,RAW,https://storage.googleapis.com/collx-product-images/1115678716493092864-1-r5u.jpg,https://storage.googleapis.com/collx-product-images/1115678716493092864-2-tmW6.jpg,0.27,0.5,,,J&M Cards,,1
7/21/26,1115678707097851904,Baseball,253,Jose Alvarez,Atlanta Braves,1989,Topps,1989 Topps,RC,RAW,https://storage.googleapis.com/collx-product-images/1115678707097851904-1-s96Q.jpg,https://storage.googleapis.com/collx-product-images/1115678707097851904-2-1tc.jpg,1.40,1.5,,,J&M Cards,,1
7/21/26,1115678711862581248,Baseball,727,Joe Orsulak,Baltimore Orioles,1989,Topps,1989 Topps,,RAW,https://storage.googleapis.com/collx-product-images/1115678711862581248-1-DQFJ.jpg,https://storage.googleapis.com/collx-product-images/1115678711862581248-2-f9rs.jpg,0.21,0.25,,,J&M Cards,,1
7/21/26,1115678698256259072,Baseball,327,Mark Lemke,Atlanta Braves,1989,Topps,1989 Topps,RC,RAW,https://storage.googleapis.com/collx-product-images/1115678698256259072-1-V6HI.jpg,https://storage.googleapis.com/collx-product-images/1115678698256259072-2-ZjNE.jpg,1.00,1,,,J&M Cards,,1
7/21/26,1115678702718998528,Baseball,244,Jim Acker,Atlanta Braves,1989,Topps,1989 Topps,,RAW,https://storage.googleapis.com/collx-product-images/1115678702718998528-1-kOqP.jpg,https://storage.googleapis.com/collx-product-images/1115678702718998528-2-e5r1.jpg,1.25,1.5,,,J&M Cards,,1
7/21/26,1115678689347557376,Baseball,402,Mike Greenwell,Boston Red Sox,1989,Topps,1989 Topps,,RAW,https://storage.googleapis.com/collx-product-images/1115678689347557376-1-45LM.jpg,https://storage.googleapis.com/collx-product-images/1115678689347557376-2-kEeJ.jpg,1.25,1.5,,,J&M Cards,,1
7/21/26,1115678692988213248,Baseball,38,Paul Runge,Atlanta Braves,1989,Topps,1989 Topps,,RAW,https://storage.googleapis.com/collx-product-images/1115678692988213248-1-6AxT.jpg,https://storage.googleapis.com/collx-product-images/1115678692988213248-2-3lIe.jpg,1.45,1.5,,,J&M Cards,,1
7/21/26,1115678680128477184,Baseball,465,Mark Grace,Chicago Cubs,1989,Topps,1989 Topps,,RAW,https://storage.googleapis.com/collx-product-images/1115678680128477184-1-EM2c.jpg,https://storage.googleapis.com/collx-product-images/1115678680128477184-2-oeej.jpg,0.35,0.5,,,J&M Cards,,1
7/21/26,1115678684884817920,Baseball,505,Pete Rose,Cincinnati Reds,1989,Topps,1989 Topps,,RAW,https://storage.googleapis.com/collx-product-images/1115678684884817920-1-auNA.jpg,https://storage.googleapis.com/collx-product-images/1115678684884817920-2-ZMs.jpg,1.27,1.5,,,J&M Cards,,1
7/21/26,1115678671303661568,Baseball,115,Jody Davis,Atlanta Braves,1989,Topps,1989 Topps,,RAW,https://storage.googleapis.com/collx-product-images/1115678671303661568-1-vfh.jpg,https://storage.googleapis.com/collx-product-images/1115678671303661568-2-8Svl.jpg,1.49,1.5,,,J&M Cards,,1
7/21/26,1115678675665737728,Baseball,465,Mark Grace,Chicago Cubs,1989,Topps,1989 Topps,,RAW,https://storage.googleapis.com/collx-product-images/1115678675665737728-1-UDR8.jpg,https://storage.googleapis.com/collx-product-images/1115678675665737728-2-HGuT.jpg,0.35,0.5,,,J&M Cards,,1
7/21/26,1115678662696949760,Baseball,297,Oswald Peraza,Baltimore Orioles,1989,Topps,1989 Topps,RC,RAW,https://storage.googleapis.com/collx-product-images/1115678662696949760-1-TJ1.jpg,https://storage.googleapis.com/collx-product-images/1115678662696949760-2-iGAj.jpg,0.05,0.25,,,J&M Cards,,1
7/21/26,1115678667268741120,Baseball,521,Mickey Tettleton,Baltimore Orioles,1989,Topps,1989 Topps,,RAW,https://storage.googleapis.com/collx-product-images/1115678667268741120-1-LFm7.jpg,https://storage.googleapis.com/collx-product-images/1115678667268741120-2-ppPy.jpg,1.59,1.5,,,J&M Cards,,1
7/21/26,1115678658544588800,Baseball,381,Orioles Leaders,Baltimore Orioles,1989,Topps,1989 Topps,,RAW,https://storage.googleapis.com/collx-product-images/1115678658544588800-1-0OAk.jpg,https://storage.googleapis.com/collx-product-images/1115678658544588800-2-yddJ.jpg,0.66,0.5,,,J&M Cards,,1
7/21/26,1115678649585555456,Baseball,454,Paul Assenmacher,Atlanta Braves,1989,Topps,1989 Topps,,RAW,https://storage.googleapis.com/collx-product-images/1115678649585555456-1-sIUN.jpg,https://storage.googleapis.com/collx-product-images/1115678649585555456-2-IkN.jpg,1.20,1,,,J&M Cards,,1
7/21/26,1115678654132180992,Baseball,621,Rick Mahler,Atlanta Braves,1989,Topps,1989 Topps,,RAW,https://storage.googleapis.com/collx-product-images/1115678654132180992-1-KwJE.jpg,https://storage.googleapis.com/collx-product-images/1115678654132180992-2-VVI7.jpg,1.99,2,,,J&M Cards,,1
7/21/26,1115678641012398080,Baseball,469,Jose Bautista,Baltimore Orioles,1989,Topps,1989 Topps,RC,RAW,https://storage.googleapis.com/collx-product-images/1115678641012398080-1-YBHJ.jpg,https://storage.googleapis.com/collx-product-images/1115678641012398080-2-PCTr.jpg,1.49,1.5,,,J&M Cards,,1
7/21/26,1115678645634521088,Baseball,546,Mark Williamson,Baltimore Orioles,1989,Topps,1989 Topps,,RAW,https://storage.googleapis.com/collx-product-images/1115678645634521088-1-10UJ.jpg,https://storage.googleapis.com/collx-product-images/1115678645634521088-2-yS19.jpg,1.08,1,,,J&M Cards,,1
7/21/26,1115678632875448320,Baseball,398,Julio Franco,Cleveland Indians,1989,Topps,1989 Topps,,RAW,https://storage.googleapis.com/collx-product-images/1115678632875448320-1-2Amp.jpg,https://storage.googleapis.com/collx-product-images/1115678632875448320-2-RrW.jpg,0.99,1,,,J&M Cards,,1
7/21/26,1115678637128472576,Baseball,222,Mark Lewis,Cleveland Indians,1989,Topps,1989 Topps,RC,RAW,https://storage.googleapis.com/collx-product-images/1115678637128472576-1-eMGa.jpg,https://storage.googleapis.com/collx-product-images/1115678637128472576-2-X9iR.jpg,1.29,1.5,,,J&M Cards,,1
7/21/26,1115678573039507456,Baseball,161,Gregg Olson,Baltimore Orioles,1989,Topps,1989 Topps,RC,RAW,https://storage.googleapis.com/collx-product-images/1115678573039507456-1-LHtY.jpg,https://storage.googleapis.com/collx-product-images/1115678573039507456-2-Ky4N.jpg,0.99,1,,,J&M Cards,"UER: Birthplace ""Scribner, NEB"", should be ""Omaha, NEB""; ",1
7/21/26,1115678577191868416,Baseball,11,Bruce Sutter,Atlanta Braves,1989,Topps,1989 Topps,,RAW,https://storage.googleapis.com/collx-product-images/1115678577191868416-1-wtD8.jpg,https://storage.googleapis.com/collx-product-images/1115678577191868416-2-2ALB.jpg,0.09,0.25,,,J&M Cards,,1
7/21/26,1115678563795261440,Baseball,663,Hank Aaron,Atlanta Braves,1989,Topps,1989 Topps,,RAW,https://storage.googleapis.com/collx-product-images/1115678563795261440-1-FarR.jpg,https://storage.googleapis.com/collx-product-images/1115678563795261440-2-Yg0W.jpg,1.99,2,,,J&M Cards,,1
7/21/26,1115678568224446464,Baseball,13,Doug Sisk,Baltimore Orioles,1989,Topps,1989 Topps,,RAW,https://storage.googleapis.com/collx-product-images/1115678568224446464-1-Idkr.jpg,https://storage.googleapis.com/collx-product-images/1115678568224446464-2-fnKs.jpg,0.99,1,,,J&M Cards,,1
7/21/26,1115678555742197760,Baseball,523,Andres Thomas,Atlanta Braves,1989,Topps,1989 Topps,,RAW,https://storage.googleapis.com/collx-product-images/1115678555742197760-1-4YeS.jpg,https://storage.googleapis.com/collx-product-images/1115678555742197760-2-cqxM.jpg,0.90,1,,,J&M Cards,,1
7/21/26,1115678559366076416,Baseball,571,Billy Ripken,Baltimore Orioles,1989,Topps,1989 Topps,,RAW,https://storage.googleapis.com/collx-product-images/1115678559366076416-1-2xmL.jpg,https://storage.googleapis.com/collx-product-images/1115678559366076416-2-MHO9.jpg,0.16,0.25,,,J&M Cards,,1
7/21/26,1115678546976102400,Baseball,523,Andres Thomas,Atlanta Braves,1989,Topps,1989 Topps,,RAW,https://storage.googleapis.com/collx-product-images/1115678546976102400-1-Me2Q.jpg,https://storage.googleapis.com/collx-product-images/1115678546976102400-2-UTUZ.jpg,0.90,1,,,J&M Cards,,1
7/21/26,1115678551052965888,Baseball,11,Bruce Sutter,Atlanta Braves,1989,Topps,1989 Topps,,RAW,https://storage.googleapis.com/collx-product-images/1115678551052965888-1-OVyB.jpg,https://storage.googleapis.com/collx-product-images/1115678551052965888-2-ke6G.jpg,0.09,0.25,,,J&M Cards,,1
7/21/26,1115678538511996928,Baseball,569,German Jimenez,Atlanta Braves,1989,Topps,1989 Topps,RC,RAW,https://storage.googleapis.com/collx-product-images/1115678538511996928-1-y0Ih.jpg,https://storage.googleapis.com/collx-product-images/1115678538511996928-2-NK3B.jpg,0.07,0.25,,,J&M Cards,,1
7/21/26,1115678542421088256,Baseball,11,Bruce Sutter,Atlanta Braves,1989,Topps,1989 Topps,,RAW,https://storage.googleapis.com/collx-product-images/1115678542421088256-1-je2I.jpg,https://storage.googleapis.com/collx-product-images/1115678542421088256-2-6bCz.jpg,0.09,0.25,,,J&M Cards,,1
7/21/26,1115678530316326912,Baseball,250,Cal Ripken,Baltimore Orioles,1989,Topps,1989 Topps,,RAW,https://storage.googleapis.com/collx-product-images/1115678530316326912-1-wGoX.jpg,https://storage.googleapis.com/collx-product-images/1115678530316326912-2-xEtr.jpg,0.99,1,,,J&M Cards,,1
7/21/26,1115678534292527104,Baseball,210,Dale Murphy,Atlanta Braves,1989,Topps,1989 Topps,,RAW,https://storage.googleapis.com/collx-product-images/1115678534292527104-1-4W8Z.jpg,https://storage.googleapis.com/collx-product-images/1115678534292527104-2-A4Cg.jpg,0.28,0.5,,,J&M Cards,,1
7/21/26,1115678520988194816,Baseball,10,Andre Dawson,Chicago Cubs,1989,Topps,1989 Topps,,RAW,https://storage.googleapis.com/collx-product-images/1115678520988194816-1-pLcg.jpg,https://storage.googleapis.com/collx-product-images/1115678520988194816-2-BQYk.jpg,0.71,0.25,,,J&M Cards,,1
7/21/26,1115678525861976064,Baseball,490,Chris Sabo,Cincinnati Reds,1989,Topps,1989 Topps,RC,RAW,https://storage.googleapis.com/collx-product-images/1115678525861976064-1-tz8L.jpg,https://storage.googleapis.com/collx-product-images/1115678525861976064-2-hIAn.jpg,1.48,1.5,,,J&M Cards,,1
7/21/26,1115678511702005760,Baseball,4,Andre Dawson,Chicago Cubs,1989,Topps,1989 Topps,,RAW,https://storage.googleapis.com/collx-product-images/1115678511702005760-1-nhj1.jpg,https://storage.googleapis.com/collx-product-images/1115678511702005760-2-5HOh.jpg,0.09,0.25,,,J&M Cards,,1
7/21/26,1115678516391237632,Baseball,543,Damon Berryhill,Chicago Cubs,1989,Topps,1989 Topps,,RAW,https://storage.googleapis.com/collx-product-images/1115678516391237632-1-4YcK.jpg,https://storage.googleapis.com/collx-product-images/1115678516391237632-2-w4NW.jpg,0.79,1,,,J&M Cards,,1
7/21/26,1115678506492680192,Baseball,10,Andre Dawson,Chicago Cubs,1989,Topps,1989 Topps,,RAW,https://storage.googleapis.com/collx-product-images/1115678506492680192-1-HY7.jpg,https://storage.googleapis.com/collx-product-images/1115678506492680192-2-le56.jpg,0.71,0.25,,,J&M Cards,,1
7/21/26,1115678498414450688,Baseball,324,Bob Milacki,Baltimore Orioles,1989,Topps,1989 Topps,RC,RAW,https://storage.googleapis.com/collx-product-images/1115678498414450688-1-erb.jpg,https://storage.googleapis.com/collx-product-images/1115678498414450688-2-E6Sm.jpg,1.55,1.5,,,J&M Cards,,1
7/21/26,1115678502524868608,Baseball,395,Danny Jackson,Cincinnati Reds,1989,Topps,1989 Topps,,RAW,https://storage.googleapis.com/collx-product-images/1115678502524868608-1-jy0V.jpg,https://storage.googleapis.com/collx-product-images/1115678502524868608-2-o8jC.jpg,1.55,1.5,,,J&M Cards,,1
7/21/26,1115678489556080640,Baseball,730,Danny Jackson,Cincinnati Reds,1989,Topps,1989 Topps,,RAW,https://storage.googleapis.com/collx-product-images/1115678489556080640-1-5dZE.jpg,https://storage.googleapis.com/collx-product-images/1115678489556080640-2-uzR6.jpg,1.12,1,,,J&M Cards,,1
7/21/26,1115678494194980864,Baseball,395,Danny Jackson,Cincinnati Reds,1989,Topps,1989 Topps,,RAW,https://storage.googleapis.com/collx-product-images/1115678494194980864-1-Wt9Q.jpg,https://storage.googleapis.com/collx-product-images/1115678494194980864-2-jEWE.jpg,1.55,1.5,,,J&M Cards,,1
7/21/26,1115678480857094144,Baseball,774,Frank Robinson,Baltimore Orioles,1989,Topps,1989 Topps,,RAW,https://storage.googleapis.com/collx-product-images/1115678480857094144-1-8Og.jpg,https://storage.googleapis.com/collx-product-images/1115678480857094144-2-cGkF.jpg,0.94,1,,,J&M Cards,,1
7/21/26,1115678485076563968,Baseball,571,Billy Ripken,Baltimore Orioles,1989,Topps,1989 Topps,,RAW,https://storage.googleapis.com/collx-product-images/1115678485076563968-1-PMJv.jpg,https://storage.googleapis.com/collx-product-images/1115678485076563968-2-n5TH.jpg,0.16,0.25,,,J&M Cards,,1
7/21/26,1115678471503796224,Baseball,490,Chris Sabo,Cincinnati Reds,1989,Topps,1989 Topps,RC,RAW,https://storage.googleapis.com/collx-product-images/1115678471503796224-1-iykw.jpg,https://storage.googleapis.com/collx-product-images/1115678471503796224-2-32M.jpg,1.48,1.5,,,J&M Cards,,1
7/21/26,1115678475874260992,Baseball,663,Hank Aaron,Atlanta Braves,1989,Topps,1989 Topps,,RAW,https://storage.googleapis.com/collx-product-images/1115678475874260992-1-Wx3o.jpg,https://storage.googleapis.com/collx-product-images/1115678475874260992-2-wwHI.jpg,1.99,2,,,J&M Cards,,1
7/20/26,1115580494953582592,Baseball,SSSO,SHOHEI OHTANI,Los Angeles Dodgers,2024,,,"AU, SN10",PSA 10,https://storage.googleapis.com/collx-product-images/1115580494953582592-1-tpx.jpg,https://media.cdn.collx.app/pi/1115580494953582592-2-kTCv.jpg,,,,,,,1
7/20/26,1115575574296320000,Baseball,277,Zebby Matthews,Minnesota Twins,2025,Topps,2025 Topps Chrome,RC,RAW,https://storage.googleapis.com/collx-product-images/1115575574296320000-1-RcS1.jpg,https://storage.googleapis.com/collx-product-images/1115575574296320000-2-RDq.jpg,1.25,1.5,,,Mule Sauce,,1
7/20/26,1115575517228619776,Baseball,47,Yordan Alvarez,Houston Astros,2026,Topps,2026 Topps - Flagship Collection (Series Two),,RAW,https://storage.googleapis.com/collx-product-images/1115575517228619776-1-PM8h.jpg,https://storage.googleapis.com/collx-product-images/1115575517228619776-2-Mpun.jpg,1.25,1.5,,,Mule Sauce,,1
7/20/26,1115575520667949056,Baseball,CN-19,Ted Williams,Boston Red Sox,2026,Topps,2026 Topps - Crooked Numbers,,RAW,https://storage.googleapis.com/collx-product-images/1115575520667949056-1-6UJl.jpg,https://storage.googleapis.com/collx-product-images/1115575520667949056-2-qnQt.jpg,1.57,1.5,,,Mule Sauce,,1
7/20/26,1115575523998226432,Baseball,567,Thomas Saggese,St. Louis Cardinals,2026,Topps,2026 Topps,,RAW,https://storage.googleapis.com/collx-product-images/1115575523998226432-1-KyUw.jpg,https://storage.googleapis.com/collx-product-images/1115575523998226432-2-GpSQ.jpg,0.83,1,,,Mule Sauce,,1
7/20/26,1115575509704038400,Baseball,601,Zach Cole,Houston Astros,2026,Topps,2026 Topps,RC,RAW,https://storage.googleapis.com/collx-product-images/1115575509704038400-1-Y2KM.jpg,https://storage.googleapis.com/collx-product-images/1115575509704038400-2-x4nw.jpg,1.25,1,,,Mule Sauce,,1
7/20/26,1115575513353082880,Baseball,TOG-40,Trey Yesavage,Toronto Blue Jays,2026,Topps,2026 Topps - Titans of the Game,,RAW,https://storage.googleapis.com/collx-product-images/1115575513353082880-1-xECs.jpg,https://storage.googleapis.com/collx-product-images/1115575513353082880-2-Obi7.jpg,1.64,1.5,,,Mule Sauce,,1
7/20/26,1115575502506612736,Baseball,411,Willi Castro,Minnesota Twins,2023,Topps,2023 Topps,,RAW,https://storage.googleapis.com/collx-product-images/1115575502506612736-1-2Ma.jpg,https://storage.googleapis.com/collx-product-images/1115575502506612736-2-PLFd.jpg,1.49,1.5,,,Mule Sauce,,1
7/20/26,1115575505828501504,Baseball,615,Taylor Rashi,Arizona Diamondbacks,2026,Topps,2026 Topps,RC,RAW,https://storage.googleapis.com/collx-product-images/1115575505828501504-1-RXEC.jpg,https://storage.googleapis.com/collx-product-images/1115575505828501504-2-ACAi.jpg,0.97,1,,,Mule Sauce,,1
7/20/26,1115575491223934976,Baseball,720,Tim Wallach,Montreal Expos,1989,Topps,1989 Topps,,RAW,https://storage.googleapis.com/collx-product-images/1115575491223934976-1-daEt.jpg,https://storage.googleapis.com/collx-product-images/1115575491223934976-2-QPi.jpg,1.10,1,,,Mule Sauce,,1
7/20/26,1115575494772316160,Baseball,747,Wil Tejada,Montreal Expos,1989,Topps,1989 Topps,,RAW,https://storage.googleapis.com/collx-product-images/1115575494772316160-1-ih9.jpg,https://storage.googleapis.com/collx-product-images/1115575494772316160-2-XfwQ.jpg,0.72,0.5,,,Mule Sauce,,1
7/20/26,1115575499243444224,Baseball,373,Tracy Jones,Montreal Expos,1989,Topps,1989 Topps,,RAW,https://storage.googleapis.com/collx-product-images/1115575499243444224-1-6tzC.jpg,https://storage.googleapis.com/collx-product-images/1115575499243444224-2-fF1y.jpg,0.72,0.5,,,Mule Sauce,,1
7/20/26,1115575484076840960,Baseball,9,Tim Teufel,New York Mets,1989,Topps,1989 Topps,,RAW,https://storage.googleapis.com/collx-product-images/1115575484076840960-1-KWS.jpg,https://storage.googleapis.com/collx-product-images/1115575484076840960-2-FIRI.jpg,1.66,1.5,,,Mule Sauce,,1
7/20/26,1115575487683942400,Baseball,9,Tim Teufel,New York Mets,1989,Topps,1989 Topps,,RAW,https://storage.googleapis.com/collx-product-images/1115575487683942400-1-geJy.jpg,https://storage.googleapis.com/collx-product-images/1115575487683942400-2-81Ns.jpg,1.66,1.5,,,Mule Sauce,,1
7/20/26,1115575476124440576,Baseball,239,Tim Laudner,Minnesota Twins,1989,Topps,1989 Topps,,RAW,https://storage.googleapis.com/collx-product-images/1115575476124440576-1-Go0Z.jpg,https://storage.googleapis.com/collx-product-images/1115575476124440576-2-snb4.jpg,0.05,0.25,,,Mule Sauce,,1
7/20/26,1115575480109029376,Baseball,83,Tylor Megill,New York Mets,2023,Topps,2023 Topps,,RAW,https://storage.googleapis.com/collx-product-images/1115575480109029376-1-NUjN.jpg,https://storage.googleapis.com/collx-product-images/1115575480109029376-2-mFtU.jpg,0.99,1,,,Mule Sauce,,1
7/20/26,1115575468448864256,Baseball,429,Twins Leaders,Minnesota Twins,1989,Topps,1989 Topps,,RAW,https://storage.googleapis.com/collx-product-images/1115575468448864256-1-jkNG.jpg,https://storage.googleapis.com/collx-product-images/1115575468448864256-2-phcp.jpg,0.05,0.25,,,Mule Sauce,,1
7/20/26,1115575472383121408,Baseball,429,Twins Leaders,Minnesota Twins,1989,Topps,1989 Topps,,RAW,https://storage.googleapis.com/collx-product-images/1115575472383121408-1-RyeM.jpg,https://storage.googleapis.com/collx-product-images/1115575472383121408-2-bQ6C.jpg,0.05,0.25,,,Mule Sauce,,1
7/20/26,1115575461066889216,Baseball,101,Tyler Mahle,Minnesota Twins,2023,Topps,2023 Topps,,RAW,https://storage.googleapis.com/collx-product-images/1115575461066889216-1-igXt.jpg,https://storage.googleapis.com/collx-product-images/1115575461066889216-2-iPLC.jpg,1.00,1,,,Mule Sauce,,1
7/20/26,1115575464799819776,Baseball,411,Willi Castro,Minnesota Twins,2023,Topps,2023 Topps,,RAW,https://storage.googleapis.com/collx-product-images/1115575464799819776-1-zRfc.jpg,https://storage.googleapis.com/collx-product-images/1115575464799819776-2-CvGo.jpg,1.49,1.5,,,Mule Sauce,,1
7/20/26,1115575452829276160,Baseball,326,Walk-off Waterfall,Minnesota Twins,2023,Topps,2023 Topps - 582 Montgomery Club,,RAW,https://storage.googleapis.com/collx-product-images/1115575452829276160-1-MINE.jpg,https://storage.googleapis.com/collx-product-images/1115575452829276160-2-tx8p.jpg,,1,,,Mule Sauce,,1
7/20/26,1115575456906139648,Baseball,201,Trevor Larnach,Minnesota Twins,2023,Topps,2023 Topps,,RAW,https://storage.googleapis.com/collx-product-images/1115575456906139648-1-31in.jpg,https://storage.googleapis.com/collx-product-images/1115575456906139648-2-U2qT.jpg,1.32,1.5,,,Mule Sauce,,1
7/20/26,1115575441009727488,Baseball,228,Ty France,Minnesota Twins,2025,Topps,2025 Topps Chrome,,RAW,https://storage.googleapis.com/collx-product-images/1115575441009727488-1-mciv.jpg,https://storage.googleapis.com/collx-product-images/1115575441009727488-2-XBw2.jpg,0.99,1,,,Mule Sauce,,1
7/20/26,1115575444969150464,Baseball,228,Ty France,Minnesota Twins,2025,Topps,2025 Topps Chrome - Refractors,,RAW,https://storage.googleapis.com/collx-product-images/1115575444969150464-1-rcSq.jpg,https://storage.googleapis.com/collx-product-images/1115575444969150464-2-4NVv.jpg,,1,,,Mule Sauce,,1
7/20/26,1115575449146677248,Baseball,233,Taylor Rogers,Milwaukee Brewers,2023,Topps,2023 Topps,,RAW,https://storage.googleapis.com/collx-product-images/1115575449146677248-1-I47M.jpg,https://storage.googleapis.com/collx-product-images/1115575449146677248-2-zTGW.jpg,1.39,1.5,,,Mule Sauce,,1
7/20/26,1115575433300596736,Baseball,14,Tom Kelly,Minnesota Twins,1989,Topps,1989 Topps,,RAW,https://storage.googleapis.com/collx-product-images/1115575433300596736-1-44IY.jpg,https://storage.googleapis.com/collx-product-images/1115575433300596736-2-vHQC.jpg,0.99,1,,,Mule Sauce,,1
7/20/26,1115575436983195648,Baseball,665b,Tony Oliva,Minnesota Twins,1989,Topps,1989 Topps,,RAW,https://storage.googleapis.com/collx-product-images/1115575436983195648-1-LT7N.jpg,https://storage.googleapis.com/collx-product-images/1115575436983195648-2-PG7M.jpg,0.99,1,,,Mule Sauce,COR: With copyright line; ,1
7/20/26,1115575374756501504,Baseball,513,Tatsuya Imai,Houston Astros,2026,Topps,2026 Topps,RC,RAW,https://storage.googleapis.com/collx-product-images/1115575374756501504-1-DxN6.jpg,https://storage.googleapis.com/collx-product-images/1115575374756501504-2-O6.jpg,1.49,1.5,,,Mule Sauce,,1
7/20/26,1115575378413934592,Baseball,638,Seth Lugo,Kansas City Royals,2026,Topps,2026 Topps - Yellow Holo Foil,SN399,RAW,https://storage.googleapis.com/collx-product-images/1115575378413934592-1-QzaY.jpg,https://storage.googleapis.com/collx-product-images/1115575378413934592-2-kX1W.jpg,,6.5,,,Mule Sauce,,1
7/20/26,1115575366544054272,Baseball,570,Rolddy Muñoz,Atlanta Braves,2026,Topps,2026 Topps,RC,RAW,https://storage.googleapis.com/collx-product-images/1115575366544054272-1-T2GL.jpg,https://storage.googleapis.com/collx-product-images/1115575366544054272-2-Hq8E.jpg,0.65,0.5,,,Mule Sauce,,1
7/20/26,1115575370511865856,Baseball,TOG-27,Tarik Skubal,Detroit Tigers,2026,Topps,2026 Topps - Titans of the Game,,RAW,https://storage.googleapis.com/collx-product-images/1115575370511865856-1-591w.jpg,https://storage.googleapis.com/collx-product-images/1115575370511865856-2-FZzt.jpg,1.00,1,,,Mule Sauce,,1
7/20/26,1115575358600042496,Baseball,1,Shohei Ohtani,Los Angeles Dodgers,2026,Topps,2026 Topps Chrome,,RAW,https://storage.googleapis.com/collx-product-images/1115575358600042496-1-WF1Y.jpg,https://storage.googleapis.com/collx-product-images/1115575358600042496-2-OsL.jpg,12.00,12,,,Mule Sauce,,1
7/20/26,1115575362618185728,Baseball,87,Seiya Suzuki,Chicago Cubs,2026,Topps,2026 Topps - Flagship Collection (Series Two),,RAW,https://storage.googleapis.com/collx-product-images/1115575362618185728-1-fo1I.jpg,https://storage.googleapis.com/collx-product-images/1115575362618185728-2-3b11.jpg,0.99,1,,,Mule Sauce,,1
7/20/26,1115575350471481344,Baseball,72,Sal Stewart,Cincinnati Reds,2026,Topps,2026 Topps - Flagship Collection (Series Two),,RAW,https://storage.googleapis.com/collx-product-images/1115575350471481344-1-AY4N.jpg,https://storage.googleapis.com/collx-product-images/1115575350471481344-2-NTB1.jpg,2.50,2.5,,,Mule Sauce,,1
7/20/26,1115575354103748608,Baseball,BO-1,Seiya Suzuki,Chicago Cubs,2026,Topps,2026 Topps - Flagship Collection Bulk Order (Series Two),,RAW,https://storage.googleapis.com/collx-product-images/1115575354103748608-1-oosz.jpg,https://storage.googleapis.com/collx-product-images/1115575354103748608-2-iNGw.jpg,1.37,1.5,,,Mule Sauce,,1
7/20/26,1115575343156615168,Baseball,372,Ronny Henriquez,Minnesota Twins,2023,Topps,2023 Topps,RC,RAW,https://storage.googleapis.com/collx-product-images/1115575343156615168-1-SSJ5.jpg,https://storage.googleapis.com/collx-product-images/1115575343156615168-2-Xz1L.jpg,0.99,1,,,Mule Sauce,,1
7/20/26,1115575347065706496,Baseball,372,Sal Stewart,Cincinnati Reds,2026,Topps,2026 Topps,RC,RAW,https://storage.googleapis.com/collx-product-images/1115575347065706496-1-JI44.jpg,https://storage.googleapis.com/collx-product-images/1115575347065706496-2-T8Jr.jpg,1.29,1,,,Mule Sauce,,1
7/20/26,1115575332033320960,Baseball,187,Seth Lugo,New York Mets,2023,Topps,2023 Topps,,RAW,https://storage.googleapis.com/collx-product-images/1115575332033320960-1-BqPt.jpg,https://storage.googleapis.com/collx-product-images/1115575332033320960-2-zBuX.jpg,1.45,1.5,,,Mule Sauce,,1
7/20/26,1115575335732697088,Baseball,199,Starling Marte,New York Mets,2023,Topps,2023 Topps,,RAW,https://storage.googleapis.com/collx-product-images/1115575335732697088-1-BX5t.jpg,https://storage.googleapis.com/collx-product-images/1115575335732697088-2-el7d.jpg,0.99,1,,,Mule Sauce,,1
7/20/26,1115575339507570688,Baseball,479,Simeon Woods Richardson,Minnesota Twins,2023,Topps,2023 Topps,RC,RAW,https://storage.googleapis.com/collx-product-images/1115575339507570688-1-MNkZ.jpg,https://storage.googleapis.com/collx-product-images/1115575339507570688-2-pwWo.jpg,1.15,1,,,Mule Sauce,,1
7/20/26,1115575324651345920,Baseball,59,Royce Lewis,Minnesota Twins,2025,Topps,2025 Topps,,RAW,https://storage.googleapis.com/collx-product-images/1115575324651345920-1-GXY.jpg,https://storage.googleapis.com/collx-product-images/1115575324651345920-2-nHZA.jpg,2.00,2,,,Mule Sauce,,1
7/20/26,1115575328442996736,Baseball,372,Ronny Henriquez,Minnesota Twins,2023,Topps,2023 Topps,RC,RAW,https://storage.googleapis.com/collx-product-images/1115575328442996736-1-eriK.jpg,https://storage.googleapis.com/collx-product-images/1115575328442996736-2-fiMr.jpg,0.99,1,,,Mule Sauce,,1
7/20/26,1115575316766054400,Baseball,436,Superstars in The Big Apple,New York Mets,2022,Topps,2022 Topps Chrome Sapphire Edition,,RAW,https://storage.googleapis.com/collx-product-images/1115575316766054400-1-jQNz.jpg,https://storage.googleapis.com/collx-product-images/1115575316766054400-2-wu0N.jpg,2.00,2,,,Mule Sauce,,1
7/20/26,1115575320708700160,Baseball,287,Sean Manaea,New York Mets,2025,Topps,2025 Topps Chrome,,RAW,https://storage.googleapis.com/collx-product-images/1115575320708700160-1-jsCs.jpg,https://storage.googleapis.com/collx-product-images/1115575320708700160-2-qsOj.jpg,1.67,1.5,,,Mule Sauce,,1
7/20/26,1115575309249861632,Baseball,105,Ron Darling,New York Mets,1989,Topps,1989 Topps,,RAW,https://storage.googleapis.com/collx-product-images/1115575309249861632-1-OMPF.jpg,https://storage.googleapis.com/collx-product-images/1115575309249861632-2-MRa.jpg,0.99,1,,,Mule Sauce,,1
7/20/26,1115575312689190912,Baseball,105,Ron Darling,New York Mets,1989,Topps,1989 Topps,,RAW,https://storage.googleapis.com/collx-product-images/1115575312689190912-1-oGVP.jpg,https://storage.googleapis.com/collx-product-images/1115575312689190912-2-qegS.jpg,0.99,1,,,Mule Sauce,,1
7/20/26,1115575301054191616,Baseball,354,Sean Manaea,New York Mets,2025,Topps,2025 Topps,,RAW,https://storage.googleapis.com/collx-product-images/1115575301054191616-1-DXtB.jpg,https://storage.googleapis.com/collx-product-images/1115575301054191616-2-TLnq.jpg,0.34,0.5,,,Mule Sauce,,1
7/20/26,1115575305458210816,Baseball,790,Sid Fernandez,New York Mets,1989,Topps,1989 Topps,,RAW,https://storage.googleapis.com/collx-product-images/1115575305458210816-1-hUjA.jpg,https://storage.googleapis.com/collx-product-images/1115575305458210816-2-TyUU.jpg,0.87,1,,,Mule Sauce,,1
7/20/26,1115575293647050752,Baseball,479,Simeon Woods Richardson,Minnesota Twins,2023,Topps,2023 Topps,RC,RAW,https://storage.googleapis.com/collx-product-images/1115575293647050752-1-aQFW.jpg,https://storage.googleapis.com/collx-product-images/1115575293647050752-2-wFqR.jpg,1.15,1,,,Mule Sauce,,1
7/20/26,1115575297413535744,Baseball,451,Royce Lewis,Minnesota Twins,2023,Topps,2023 Topps,,RAW,https://storage.googleapis.com/collx-product-images/1115575297413535744-1-iKk.jpg,https://storage.googleapis.com/collx-product-images/1115575297413535744-2-7Law.jpg,0.99,1,,,Mule Sauce,,1
7/20/26,1115575285375883264,Baseball,65,Ryan Jeffers,Minnesota Twins,2025,Topps,2025 Topps Chrome - Refractors,,RAW,https://storage.googleapis.com/collx-product-images/1115575285375883264-1-5uhz.jpg,https://storage.googleapis.com/collx-product-images/1115575285375883264-2-cWYP.jpg,,1,,,Mule Sauce,,1
7/20/26,1115575289628907520,Baseball,78,Sonny Gray,Minnesota Twins,2023,Topps,2023 Topps,,RAW,https://storage.googleapis.com/collx-product-images/1115575289628907520-1-EU5J.jpg,https://storage.googleapis.com/collx-product-images/1115575289628907520-2-0LV0.jpg,1.49,1.5,,,Mule Sauce,,1
7/20/26,1115575214601197568,Baseball,22,Riley Greene,Detroit Tigers,2026,Topps,2026 Topps - Flagship Collection (Series Two),,RAW,https://storage.googleapis.com/collx-product-images/1115575214601197568-1-fkVB.jpg,https://storage.googleapis.com/collx-product-images/1115575214601197568-2-cC7l.jpg,1.37,1.5,,,Mule Sauce,,1
7/20/26,1115575218317350912,Baseball,SMLB-46,Nolan McLean,New York Mets,2026,Topps,2026 Topps - Stars of MLB,,RAW,https://storage.googleapis.com/collx-product-images/1115575218317350912-1-Nfip.jpg,https://storage.googleapis.com/collx-product-images/1115575218317350912-2-j2cJ.jpg,1.25,1.5,,,Mule Sauce,,1
7/20/26,1115575222402603008,Baseball,SMLB-36,Owen Caissie,Miami Marlins,2026,Topps,2026 Topps - Stars of MLB,,RAW,https://storage.googleapis.com/collx-product-images/1115575222402603008-1-fsfp.jpg,https://storage.googleapis.com/collx-product-images/1115575222402603008-2-uTFs.jpg,0.80,1,,,Mule Sauce,,1
7/20/26,1115575207034673152,Baseball,SMLB-47,Pete Alonso,Baltimore Orioles,2026,Topps,2026 Topps - Stars of MLB,,RAW,https://storage.googleapis.com/collx-product-images/1115575207034673152-1-Zuyh.jpg,https://storage.googleapis.com/collx-product-images/1115575207034673152-2-BhGr.jpg,1.50,1.5,,,Mule Sauce,,1
7/20/26,1115575210759215104,Baseball,40,Nick Kurtz,Athletics,2026,Topps,2026 Topps - Flagship Collection Chrome (Series Two),,RAW,https://storage.googleapis.com/collx-product-images/1115575210759215104-1-NKtv.jpg,https://storage.googleapis.com/collx-product-images/1115575210759215104-2-Ava0.jpg,1.97,2.5,,,Mule Sauce,,1
7/20/26,1115575199619143680,Baseball,611,Paul Gervase,Los Angeles Dodgers,2026,Topps,2026 Topps,RC,RAW,https://storage.googleapis.com/collx-product-images/1115575199619143680-1-VepJ.jpg,https://storage.googleapis.com/collx-product-images/1115575199619143680-2-koGa.jpg,0.99,1,,,Mule Sauce,,1
7/20/26,1115575203251410944,Baseball,668,Petey Halpin,Cleveland Guardians,2026,Topps,2026 Topps,RC,RAW,https://storage.googleapis.com/collx-product-images/1115575203251410944-1-aEJf.jpg,https://storage.googleapis.com/collx-product-images/1115575203251410944-2-66SL.jpg,1.26,1.5,,,Mule Sauce,,1
7/20/26,1115575191700297728,Baseball,91AS-39,Paul Skenes,Pittsburgh Pirates,2026,Topps,2026 Topps - 1991 Topps Baseball 35th Anniversary All-Stars (Series Two),,RAW,https://storage.googleapis.com/collx-product-images/1115575191700297728-1-iX9s.jpg,https://storage.googleapis.com/collx-product-images/1115575191700297728-2-WzUO.jpg,1.55,1.5,,,Mule Sauce,,1
7/20/26,1115575195366119424,Baseball,HR-9,Pete Crow-Armstrong,Chicago Cubs,2026,Topps,2026 Topps - Flagship Collection Highlight Reels,,RAW,https://storage.googleapis.com/collx-product-images/1115575195366119424-1-ya05.jpg,https://storage.googleapis.com/collx-product-images/1115575195366119424-2-HIj2.jpg,6.99,7,,,Mule Sauce,,1
7/20/26,1115575183580125184,Baseball,357,Nick Gordon,Minnesota Twins,2023,Topps,2023 Topps,,RAW,https://storage.googleapis.com/collx-product-images/1115575183580125184-1-JBF.jpg,https://storage.googleapis.com/collx-product-images/1115575183580125184-2-r6q2.jpg,0.99,1,,,Mule Sauce,,1
7/20/26,1115575188135139328,Baseball,CN-14,Nolan Ryan,California Angels,2026,Topps,2026 Topps - Crooked Numbers,,RAW,https://storage.googleapis.com/collx-product-images/1115575188135139328-1-FUGA.jpg,https://storage.googleapis.com/collx-product-images/1115575188135139328-2-OlwZ.jpg,1.40,1.5,,,Mule Sauce,,1
7/20/26,1115575172540717056,Baseball,136,Pete Alonso,New York Mets,2025,Topps,2025 Topps Chrome,,RAW,https://storage.googleapis.com/collx-product-images/1115575172540717056-1-hSMa.jpg,https://storage.googleapis.com/collx-product-images/1115575172540717056-2-JXhS.jpg,1.00,1,,,Mule Sauce,,1
7/20/26,1115575176282036224,Baseball,BCP-71,Richard Matic,New York Yankees,2025,Bowman,2025 Bowman - Chrome Prospects,,RAW,https://storage.googleapis.com/collx-product-images/1115575176282036224-1-Stx2.jpg,https://storage.googleapis.com/collx-product-images/1115575176282036224-2-PYF2.jpg,1.00,1,,,Mule Sauce,,1
7/20/26,1115575179880749056,Baseball,357,Nick Gordon,Minnesota Twins,2023,Topps,2023 Topps,,RAW,https://storage.googleapis.com/collx-product-images/1115575179880749056-1-ODEU.jpg,https://storage.googleapis.com/collx-product-images/1115575179880749056-2-xj2x.jpg,0.99,1,,,Mule Sauce,,1
7/20/26,1115575164714145792,Baseball,647,Randy Johnson,Montreal Expos,1989,Topps,1989 Topps,RC,RAW,https://storage.googleapis.com/collx-product-images/1115575164714145792-1-n4W5.jpg,https://storage.googleapis.com/collx-product-images/1115575164714145792-2-Bmd2.jpg,2.25,3.5,,,Mule Sauce,,1
7/20/26,1115575168950392832,Baseball,346,Rex Hudler,Montreal Expos,1989,Topps,1989 Topps,,RAW,https://storage.googleapis.com/collx-product-images/1115575168950392832-1-IZ9h.jpg,https://storage.googleapis.com/collx-product-images/1115575168950392832-2-wa1C.jpg,1.11,1,,,Mule Sauce,,1
7/20/26,1115575157072123904,Baseball,560,Rock Raines,Montreal Expos,1989,Topps,1989 Topps,,RAW,https://storage.googleapis.com/collx-product-images/1115575157072123904-1-7pRL.jpg,https://storage.googleapis.com/collx-product-images/1115575157072123904-2-Pbu9.jpg,0.17,0.25,,,Mule Sauce,,1
7/20/26,1115575161207707648,Baseball,257,Rick Aguilera,New York Mets,1989,Topps,1989 Topps,,RAW,https://storage.googleapis.com/collx-product-images/1115575161207707648-1-oP6i.jpg,https://storage.googleapis.com/collx-product-images/1115575161207707648-2-hQbY.jpg,0.50,0.5,,,Mule Sauce,,1
7/20/26,1115575149497210880,Baseball,735,Roger McDowell,New York Mets,1989,Topps,1989 Topps,,RAW,https://storage.googleapis.com/collx-product-images/1115575149497210880-1-2oKh.jpg,https://storage.googleapis.com/collx-product-images/1115575149497210880-2-YPs6.jpg,1.69,1.5,,,Mule Sauce,,1
7/20/26,1115575153532131328,Baseball,610,Randy Myers,New York Mets,1989,Topps,1989 Topps,,RAW,https://storage.googleapis.com/collx-product-images/1115575153532131328-1-lrEq.jpg,https://storage.googleapis.com/collx-product-images/1115575153532131328-2-6vl8.jpg,0.13,0.25,,,Mule Sauce,,1
7/20/26,1115575141863577600,Baseball,20,Pete Alonso,New York Mets,2023,Topps,2023 Topps,,RAW,https://storage.googleapis.com/collx-product-images/1115575141863577600-1-0iGs.jpg,https://storage.googleapis.com/collx-product-images/1115575141863577600-2-aVO.jpg,0.11,0.25,,,Mule Sauce,,1
7/20/26,1115575145277741056,Baseball,257,Rick Aguilera,New York Mets,1989,Topps,1989 Topps,,RAW,https://storage.googleapis.com/collx-product-images/1115575145277741056-1-4hq1.jpg,https://storage.googleapis.com/collx-product-images/1115575145277741056-2-5PYG.jpg,0.50,0.5,,,Mule Sauce,,1
7/20/26,1115575130396350464,Baseball,577,Randy Bush,Minnesota Twins,1989,Topps,1989 Topps,,RAW,https://storage.googleapis.com/collx-product-images/1115575130396350464-1-iuZq.jpg,https://storage.googleapis.com/collx-product-images/1115575130396350464-2-yIk0.jpg,0.05,0.25,,,Mule Sauce,,1
7/20/26,1115575134297053184,Baseball,577,Randy Bush,Minnesota Twins,1989,Topps,1989 Topps,,RAW,https://storage.googleapis.com/collx-product-images/1115575134297053184-1-vFKL.jpg,https://storage.googleapis.com/collx-product-images/1115575134297053184-2-QriN.jpg,0.05,0.25,,,Mule Sauce,,1
7/20/26,1115575137904154624,Baseball,355,Nick Madrigal,New York Mets,2025,Topps,2025 Topps,,RAW,https://storage.googleapis.com/collx-product-images/1115575137904154624-1-F0Q1.jpg,https://storage.googleapis.com/collx-product-images/1115575137904154624-2-Cxe8.jpg,1.99,2,,,Mule Sauce,,1
7/20/26,1115575066710038528,Baseball,50,Mike Trout,Los Angeles Angels,2026,Topps,2026 Topps - Flagship Collection Chrome (Series Two),,RAW,https://storage.googleapis.com/collx-product-images/1115575066710038528-1-wYjZ.jpg,https://storage.googleapis.com/collx-product-images/1115575066710038528-2-Xfa.jpg,2.75,3,,,Mule Sauce,,1
7/20/26,1115575058933798912,Baseball,GW-60,Max Fried,New York Yankees,2026,Topps,2026 Topps - Glove Work,,RAW,https://storage.googleapis.com/collx-product-images/1115575058933798912-1-EBJ.jpg,https://storage.googleapis.com/collx-product-images/1115575058933798912-2-0dpq.jpg,1.29,1.5,,,Mule Sauce,,1
7/20/26,1115575062792558592,Baseball,448,Matt Wallner,Minnesota Twins,2023,Topps,2023 Topps,RC,RAW,https://storage.googleapis.com/collx-product-images/1115575062792558592-1-XLV.jpg,https://storage.googleapis.com/collx-product-images/1115575062792558592-2-BoDO.jpg,0.21,0.25,,,Mule Sauce,,1
7/20/26,1115575046946478080,Baseball,BO-10,Mike Trout,Los Angeles Angels,2026,Topps,2026 Topps - Flagship Collection Bulk Order (Series Two),,RAW,https://storage.googleapis.com/collx-product-images/1115575046946478080-1-lda1.jpg,https://storage.googleapis.com/collx-product-images/1115575046946478080-2-ISLK.jpg,1.99,2,,,Mule Sauce,,1
7/20/26,1115575050536802304,Baseball,37,Munetaka Murakami,Chicago White Sox,2026,Topps,2026 Topps - Flagship Collection (Series Two),,RAW,https://storage.googleapis.com/collx-product-images/1115575050536802304-1-2B7Y.jpg,https://storage.googleapis.com/collx-product-images/1115575050536802304-2-wvBj.jpg,3.99,4,,,Mule Sauce,,1
7/20/26,1115575054303287296,Baseball,TOG-28,Munetaka Murakami,Chicago White Sox,2026,Topps,2026 Topps - Titans of the Game,,RAW,https://storage.googleapis.com/collx-product-images/1115575054303287296-1-Dvmj.jpg,https://storage.googleapis.com/collx-product-images/1115575054303287296-2-h243.jpg,1.31,1.92,,,Mule Sauce,,1
7/20/26,1115575039489005568,Baseball,550,Mark Vientos,New York Mets,2023,Topps,2023 Topps,RC,RAW,https://storage.googleapis.com/collx-product-images/1115575039489005568-1-EeT.jpg,https://storage.googleapis.com/collx-product-images/1115575039489005568-2-ddfd.jpg,1.35,1.5,,,Mule Sauce,,1
7/20/26,1115575042844448768,Baseball,626,Max Muncy,Athletics,2026,Topps,2026 Topps,,RAW,https://storage.googleapis.com/collx-product-images/1115575042844448768-1-ITPo.jpg,https://storage.googleapis.com/collx-product-images/1115575042844448768-2-Q5IA.jpg,0.30,0.5,,,Mule Sauce,,1
7/20/26,1115575032299968512,Baseball,171,Mychal Givens,New York Mets,2023,Topps,2023 Topps,,RAW,https://storage.googleapis.com/collx-product-images/1115575032299968512-1-3uPX.jpg,https://storage.googleapis.com/collx-product-images/1115575032299968512-2-8ajO.jpg,1.00,1,,,Mule Sauce,,1
7/20/26,1115575035789629440,Baseball,291,New York Mets,New York Mets,2023,Topps,2023 Topps,,RAW,https://storage.googleapis.com/collx-product-images/1115575035789629440-1-zSJK.jpg,https://storage.googleapis.com/collx-product-images/1115575035789629440-2-lnLj.jpg,1.13,1,,,Mule Sauce,,1
7/20/26,1115575024137852928,Baseball,382,Minnesota Twins,Minnesota Twins,2023,Topps,2023 Topps,,RAW,https://storage.googleapis.com/collx-product-images/1115575024137852928-1-aKnb.jpg,https://storage.googleapis.com/collx-product-images/1115575024137852928-2-pmUL.jpg,0.99,1,,,Mule Sauce,,1
7/20/26,1115575028097275904,Baseball,374,Michael Taylor,Minnesota Twins,2023,Topps,2023 Topps,,RAW,https://storage.googleapis.com/collx-product-images/1115575028097275904-1-mxBI.jpg,https://storage.googleapis.com/collx-product-images/1115575028097275904-2-jwZe.jpg,1.32,1.5,,,Mule Sauce,,1
7/20/26,1115575016671991808,Baseball,688,Minnesota Twins,Minnesota Twins,2025,Topps,2025 Topps,,RAW,https://storage.googleapis.com/collx-product-images/1115575016671991808-1-fDDt.jpg,https://storage.googleapis.com/collx-product-images/1115575016671991808-2-96B7.jpg,1.75,2,,,Mule Sauce,,1
7/20/26,1115575020539140096,Baseball,374,Michael Taylor,Minnesota Twins,2023,Topps,2023 Topps,,RAW,https://storage.googleapis.com/collx-product-images/1115575020539140096-1-mQC8.jpg,https://storage.googleapis.com/collx-product-images/1115575020539140096-2-5HFe.jpg,1.32,1.5,,,Mule Sauce,,1
7/20/26,1115575005255096320,Baseball,197,Neal Heaton,Montreal Expos,1989,Topps,1989 Topps,,RAW,https://storage.googleapis.com/collx-product-images/1115575005255096320-1-K2Q3.jpg,https://storage.googleapis.com/collx-product-images/1115575005255096320-2-CI1L.jpg,0.99,1,,,Mule Sauce,,1
7/20/26,1115575008493099008,Baseball,129,Mark Vientos,New York Mets,2025,Topps,2025 Topps Chrome,,RAW,https://storage.googleapis.com/collx-product-images/1115575008493099008-1-tGd2.jpg,https://storage.googleapis.com/collx-product-images/1115575008493099008-2-ikbc.jpg,2.00,1,,,Mule Sauce,,1
7/20/26,1115575012351858688,Baseball,129,Mark Vientos,New York Mets,2025,Topps,2025 Topps Chrome - Refractors,,RAW,https://storage.googleapis.com/collx-product-images/1115575012351858688-1-Ob5G.jpg,https://storage.googleapis.com/collx-product-images/1115575012351858688-2-uNmw.jpg,,1,,,Mule Sauce,,1
7/20/26,1115574996656773120,Baseball,228,Nelson Santovenia,Montreal Expos,1989,Topps,1989 Topps,RC,RAW,https://storage.googleapis.com/collx-product-images/1115574996656773120-1-46uv.jpg,https://storage.googleapis.com/collx-product-images/1115574996656773120-2-IsVg.jpg,0.73,0.5,,,Mule Sauce,,1
7/20/26,1115575001027237888,Baseball,228,Nelson Santovenia,Montreal Expos,1989,Topps,1989 Topps,RC,RAW,https://storage.googleapis.com/collx-product-images/1115575001027237888-1-wcYJ.jpg,https://storage.googleapis.com/collx-product-images/1115575001027237888-2-iqKm.jpg,0.73,0.5,,,Mule Sauce,,1
7/20/26,1115574989048305664,Baseball,21,Max Scherzer,New York Mets,2023,Topps,2023 Topps,,RAW,https://storage.googleapis.com/collx-product-images/1115574989048305664-1-92rP.jpg,https://storage.googleapis.com/collx-product-images/1115574989048305664-2-DBwI.jpg,0.11,0.25,,,Mule Sauce,,1
7/20/26,1115574992915453952,Baseball,291,Mets Leaders,New York Mets,1989,Topps,1989 Topps,,RAW,https://storage.googleapis.com/collx-product-images/1115574992915453952-1-BibZ.jpg,https://storage.googleapis.com/collx-product-images/1115574992915453952-2-C0J9.jpg,1.32,1.5,,,Mule Sauce,,1
7/20/26,1115574981565667328,Baseball,46,Mark Portugal,Minnesota Twins,1989,Topps,1989 Topps,,RAW,https://storage.googleapis.com/collx-product-images/1115574981565667328-1-hFvs.jpg,https://storage.googleapis.com/collx-product-images/1115574981565667328-2-37da.jpg,1.75,2,,,Mule Sauce,,1
7/20/26,1115574985290209280,Baseball,550,Mark Vientos,New York Mets,2023,Topps,2023 Topps,RC,RAW,https://storage.googleapis.com/collx-product-images/1115574985290209280-1-RP18.jpg,https://storage.googleapis.com/collx-product-images/1115574985290209280-2-CiUS.jpg,1.35,1.5,,,Mule Sauce,,1
7/20/26,1115574973890091008,Baseball,253,Max Kepler,Minnesota Twins,2023,Topps,2023 Topps,,RAW,https://storage.googleapis.com/collx-product-images/1115574973890091008-1-fpnF.jpg,https://storage.googleapis.com/collx-product-images/1115574973890091008-2-s9KT.jpg,1.45,1.5,,,Mule Sauce,,1
7/20/26,1115574977639798784,Baseball,46,Mark Portugal,Minnesota Twins,1989,Topps,1989 Topps,,RAW,https://storage.googleapis.com/collx-product-images/1115574977639798784-1-aI2s.jpg,https://storage.googleapis.com/collx-product-images/1115574977639798784-2-MoWk.jpg,1.75,2,,,Mule Sauce,,1
7/20/26,1115574916293908480,Baseball,420,Luis Arraez,San Francisco Giants,2026,Topps,2026 Topps - Sandglitter,,RAW,https://storage.googleapis.com/collx-product-images/1115574916293908480-1-O1Si.jpg,https://storage.googleapis.com/collx-product-images/1115574916293908480-2-JTqE.jpg,1.13,1,,,Mule Sauce,,1
7/20/26,1115574919959730176,Baseball,557,Kyle Higashioka,Texas Rangers,2026,Topps,2026 Topps - Rainbow Foil,,RAW,https://storage.googleapis.com/collx-product-images/1115574919959730176-1-0j2k.jpg,https://storage.googleapis.com/collx-product-images/1115574919959730176-2-l6bH.jpg,1.38,1.5,,,Mule Sauce,,1
7/20/26,1115574907804637184,Baseball,67,Ketel Marte,Arizona Diamondbacks,2026,Topps,2026 Topps - Flagship Collection (Series Two),,RAW,https://storage.googleapis.com/collx-product-images/1115574907804637184-1-FMHx.jpg,https://storage.googleapis.com/collx-product-images/1115574907804637184-2-FDdN.jpg,,2,,,Mule Sauce,,1
7/20/26,1115574912133158912,Baseball,14,Manny Machado,San Diego Padres,2026,Topps,2026 Topps - Flagship Collection Chrome (Series Two),,RAW,https://storage.googleapis.com/collx-product-images/1115574912133158912-1-8uf1.jpg,https://storage.googleapis.com/collx-product-images/1115574912133158912-2-7IKE.jpg,2.00,2,,,Mule Sauce,,1
7/20/26,1115574896211580928,Baseball,329,Mark Canha,New York Mets,2023,Topps,2023 Topps,,RAW,https://storage.googleapis.com/collx-product-images/1115574896211580928-1-HFyx.jpg,https://storage.googleapis.com/collx-product-images/1115574896211580928-2-ZB2R.jpg,1.79,1.88,,,Mule Sauce,,1
7/20/26,1115574899759962112,Baseball,362,Kodai Senga,New York Mets,2023,Topps,2023 Topps,RC,RAW,https://storage.googleapis.com/collx-product-images/1115574899759962112-1-xKB.jpg,https://storage.googleapis.com/collx-product-images/1115574899759962112-2-r4xi.jpg,0.99,1,,,Mule Sauce,,1
7/20/26,1115574903685830656,Baseball,409,Logan Henderson,Milwaukee Brewers,2026,Topps,2026 Topps,,RAW,https://storage.googleapis.com/collx-product-images/1115574903685830656-1-rBou.jpg,https://storage.googleapis.com/collx-product-images/1115574903685830656-2-fmpW.jpg,0.11,0.25,,,Mule Sauce,,1
7/20/26,1115574888175294464,Baseball,246,Kodai Senga,New York Mets,2025,Topps,2025 Topps Chrome,,RAW,https://storage.googleapis.com/collx-product-images/1115574888175294464-1-Se67.jpg,https://storage.googleapis.com/collx-product-images/1115574888175294464-2-08fp.jpg,1.99,2,,,Mule Sauce,,1
7/20/26,1115574892117940224,Baseball,217,Luis Arraez,Minnesota Twins,2023,Topps,2023 Topps,,RAW,https://storage.googleapis.com/collx-product-images/1115574892117940224-1-E73q.jpg,https://storage.googleapis.com/collx-product-images/1115574892117940224-2-w0LV.jpg,0.10,0.25,,,Mule Sauce,,1
7/20/26,1115574880013178880,Baseball,56,Luisangel Acuña,New York Mets,2025,Topps,2025 Topps Chrome,RC,RAW,https://storage.googleapis.com/collx-product-images/1115574880013178880-1-Dw6S.jpg,https://storage.googleapis.com/collx-product-images/1115574880013178880-2-Rifd.jpg,1.00,1,,,Mule Sauce,,1
7/20/26,1115574884056487936,Baseball,246,Kodai Senga,New York Mets,2025,Topps,2025 Topps Chrome,,RAW,https://storage.googleapis.com/collx-product-images/1115574884056487936-1-vmTK.jpg,https://storage.googleapis.com/collx-product-images/1115574884056487936-2-JkD.jpg,1.99,2,,,Mule Sauce,,1
7/20/26,1115574871406467072,Baseball,457,Mackey Sasser,New York Mets,1989,Topps,1989 Topps,,RAW,https://storage.googleapis.com/collx-product-images/1115574871406467072-1-ioZ.jpg,https://storage.googleapis.com/collx-product-images/1115574871406467072-2-cky5.jpg,1.49,1.5,,,Mule Sauce,,1
7/20/26,1115574875877595136,Baseball,431,Luis Rivera,Montreal Expos,1989,Topps,1989 Topps,,RAW,https://storage.googleapis.com/collx-product-images/1115574875877595136-1-kBTo.jpg,https://storage.googleapis.com/collx-product-images/1115574875877595136-2-YqX9.jpg,0.72,0.5,,,Mule Sauce,,1
7/20/26,1115574864007714816,Baseball,480,Keith Hernandez,New York Mets,1989,Topps,1989 Topps,,RAW,https://storage.googleapis.com/collx-product-images/1115574864007714816-1-Chk8.jpg,https://storage.googleapis.com/collx-product-images/1115574864007714816-2-Deh2.jpg,1.28,1.5,,,Mule Sauce,,1
7/20/26,1115574867539318784,Baseball,85,Kevin McReynolds,New York Mets,1989,Topps,1989 Topps,,RAW,https://storage.googleapis.com/collx-product-images/1115574867539318784-1-BVgS.jpg,https://storage.googleapis.com/collx-product-images/1115574867539318784-2-xmyU.jpg,0.84,1,,,Mule Sauce,,1
7/20/26,1115574855887542272,Baseball,362,Kodai Senga,New York Mets,2023,Topps,2023 Topps,RC,RAW,https://storage.googleapis.com/collx-product-images/1115574855887542272-1-0MCT.jpg,https://storage.googleapis.com/collx-product-images/1115574855887542272-2-uDK.jpg,0.99,1,,,Mule Sauce,,1
7/20/26,1115574859997960192,Baseball,557,Keith Miller,New York Mets,1989,Topps,1989 Topps,,RAW,https://storage.googleapis.com/collx-product-images/1115574859997960192-1-4gWz.jpg,https://storage.googleapis.com/collx-product-images/1115574859997960192-2-qwCJ.jpg,1.79,1.88,,,Mule Sauce,,1
7/20/26,1115574847960307712,Baseball,650,Kirby Puckett,Minnesota Twins,1989,Topps,1989 Topps,,RAW,https://storage.googleapis.com/collx-product-images/1115574847960307712-1-dHSA.jpg,https://storage.googleapis.com/collx-product-images/1115574847960307712-2-2n7x.jpg,0.30,0.5,,,Mule Sauce,,1
7/20/26,1115574852154611712,Baseball,524,Luisangel Acuña,New York Mets,2025,Topps,2025 Topps,RC,RAW,https://storage.googleapis.com/collx-product-images/1115574852154611712-1-j4sG.jpg,https://storage.googleapis.com/collx-product-images/1115574852154611712-2-PXgC.jpg,0.99,1,,,Mule Sauce,,1
7/20/26,1115574840444114944,Baseball,265,Kent Hrbek,Minnesota Twins,1989,Topps,1989 Topps,,RAW,https://storage.googleapis.com/collx-product-images/1115574840444114944-1-8sGH.jpg,https://storage.googleapis.com/collx-product-images/1115574840444114944-2-cKM9.jpg,1.55,1.5,,,Mule Sauce,,1
7/20/26,1115574844244154368,Baseball,101,Les Straker,Minnesota Twins,1989,Topps,1989 Topps,,RAW,https://storage.googleapis.com/collx-product-images/1115574844244154368-1-lS2x.jpg,https://storage.googleapis.com/collx-product-images/1115574844244154368-2-7fwG.jpg,1.06,1,,,Mule Sauce,,1
7/20/26,1115574832516880384,Baseball,441,Louie Varland,Minnesota Twins,2023,Topps,2023 Topps,RC,RAW,https://storage.googleapis.com/collx-product-images/1115574832516880384-1-0Vco.jpg,https://storage.googleapis.com/collx-product-images/1115574832516880384-2-keNY.jpg,1.35,1.5,,,Mule Sauce,,1
7/20/26,1115574836560189440,Baseball,650,Kirby Puckett,Minnesota Twins,1989,Topps,1989 Topps,,RAW,https://storage.googleapis.com/collx-product-images/1115574836560189440-1-vPEQ.jpg,https://storage.googleapis.com/collx-product-images/1115574836560189440-2-CiZg.jpg,0.30,0.5,,,Mule Sauce,,1
7/20/26,1115574823893391360,Baseball,322,Luis Urias,Milwaukee Brewers,2023,Topps,2023 Topps,,RAW,https://storage.googleapis.com/collx-product-images/1115574823893391360-1-xjA5.jpg,https://storage.googleapis.com/collx-product-images/1115574823893391360-2-di2.jpg,1.33,1.5,,,Mule Sauce,,1
7/20/26,1115574828154804224,Baseball,217,Luis Arraez,Minnesota Twins,2023,Topps,2023 Topps,,RAW,https://storage.googleapis.com/collx-product-images/1115574828154804224-1-XuZg.jpg,https://storage.googleapis.com/collx-product-images/1115574828154804224-2-vdG.jpg,0.10,0.25,,,Mule Sauce,,1
7/20/26,1115574769979807744,Baseball,665,Jose Corniell,Texas Rangers,2026,Topps,2026 Topps,RC,RAW,https://storage.googleapis.com/collx-product-images/1115574769979807744-1-UEX.jpg,https://storage.googleapis.com/collx-product-images/1115574769979807744-2-dc1b.jpg,1.75,2,,,Mule Sauce,,1
7/20/26,1115574762304231424,Baseball,443,Kazuma Okamoto,Toronto Blue Jays,2026,Topps,2026 Topps,RC,RAW,https://storage.googleapis.com/collx-product-images/1115574762304231424-1-f191.jpg,https://storage.googleapis.com/collx-product-images/1115574762304231424-2-ngsH.jpg,1.59,1.87,,,Mule Sauce,,1
7/20/26,1115574766011996160,Baseball,613,Jordan Westburg,Baltimore Orioles,2026,Topps,2026 Topps,,RAW,https://storage.googleapis.com/collx-product-images/1115574766011996160-1-Pxz.jpg,https://storage.googleapis.com/collx-product-images/1115574766011996160-2-YzP.jpg,5.00,5,,,Mule Sauce,,1
7/20/26,1115574753915623424,Baseball,91AS-12,Joey Votto,Cincinnati Reds,2026,Topps,2026 Topps - 1991 Topps Baseball 35th Anniversary All-Stars (Series Two),,RAW,https://storage.googleapis.com/collx-product-images/1115574753915623424-1-rvUw.jpg,https://storage.googleapis.com/collx-product-images/1115574753915623424-2-D5i.jpg,1.17,1.5,,,Mule Sauce,,1
7/20/26,1115574757497559040,Baseball,456,Justin Dean,Chicago Cubs,2026,Topps,2026 Topps,RC,RAW,https://storage.googleapis.com/collx-product-images/1115574757497559040-1-SRBf.jpg,https://storage.googleapis.com/collx-product-images/1115574757497559040-2-lQ7E.jpg,1.48,1.5,,,Mule Sauce,,1
7/20/26,1115574745820616704,Baseball,604,Joey Gallo,Minnesota Twins,2023,Topps,2023 Topps,,RAW,https://storage.googleapis.com/collx-product-images/1115574745820616704-1-rPJA.jpg,https://storage.googleapis.com/collx-product-images/1115574745820616704-2-pR2Z.jpg,0.24,0.25,,,Mule Sauce,,1
7/20/26,1115574749821982720,Baseball,3,Justin Verlander,Detroit Tigers,2026,Topps,2026 Topps - Flagship Collection (Series Two),,RAW,https://storage.googleapis.com/collx-product-images/1115574749821982720-1-l5up.jpg,https://storage.googleapis.com/collx-product-images/1115574749821982720-2-ArRn.jpg,1.49,1.5,,,Mule Sauce,,1
7/20/26,1115574737297790976,Baseball,604,Joey Gallo,Minnesota Twins,2023,Topps,2023 Topps,,RAW,https://storage.googleapis.com/collx-product-images/1115574737297790976-1-zXYp.jpg,https://storage.googleapis.com/collx-product-images/1115574737297790976-2-GnJt.jpg,0.24,0.25,,,Mule Sauce,,1
7/20/26,1115574741961857024,Baseball,515,Jorge Polanco,Minnesota Twins,2023,Topps,2023 Topps,,RAW,https://storage.googleapis.com/collx-product-images/1115574741961857024-1-oeP.jpg,https://storage.googleapis.com/collx-product-images/1115574741961857024-2-hcz6.jpg,1.25,1.5,,,Mule Sauce,,1
7/20/26,1115574732784719872,Baseball,200,Juan Soto,New York Mets,2025,Topps,2025 Topps Chrome - RayWave Refractors,,RAW,https://storage.googleapis.com/collx-product-images/1115574732784719872-1-Fhv3.jpg,https://storage.googleapis.com/collx-product-images/1115574732784719872-2-Eki.jpg,1.50,1.5,,,Mule Sauce,,1
7/20/26,1115574723087489024,Baseball,251,John Dopson,Montreal Expos,1989,Topps,1989 Topps,,RAW,https://storage.googleapis.com/collx-product-images/1115574723087489024-1-iUtw.jpg,https://storage.googleapis.com/collx-product-images/1115574723087489024-2-C6ko.jpg,0.10,0.25,,,Mule Sauce,,1
7/20/26,1115574727726389248,Baseball,200,Juan Soto,New York Mets,2025,Topps,2025 Topps Chrome,,RAW,https://storage.googleapis.com/collx-product-images/1115574727726389248-1-PSd8.jpg,https://storage.googleapis.com/collx-product-images/1115574727726389248-2-ant9.jpg,9.20,3.5,,,Mule Sauce,,1
7/20/26,1115574714673715200,Baseball,425,Justin Verlander,New York Mets,2023,Topps,2023 Topps,,RAW,https://storage.googleapis.com/collx-product-images/1115574714673715200-1-dvOk.jpg,https://storage.googleapis.com/collx-product-images/1115574714673715200-2-73qA.jpg,0.66,0.5,,,Mule Sauce,,1
7/20/26,1115574718817687552,Baseball,614,Joe Hesketh,Montreal Expos,1989,Topps,1989 Topps,,RAW,https://storage.googleapis.com/collx-product-images/1115574718817687552-1-FnYE.jpg,https://storage.googleapis.com/collx-product-images/1115574718817687552-2-EABR.jpg,0.99,1,,,Mule Sauce,,1
7/20/26,1115574706511599616,Baseball,425,Justin Verlander,New York Mets,2023,Topps,2023 Topps,,RAW,https://storage.googleapis.com/collx-product-images/1115574706511599616-1-e9kA.jpg,https://storage.googleapis.com/collx-product-images/1115574706511599616-2-knl8.jpg,0.66,0.5,,,Mule Sauce,,1
7/20/26,1115574710076758016,Baseball,615,Jose Butto,New York Mets,2023,Topps,2023 Topps,RC,RAW,https://storage.googleapis.com/collx-product-images/1115574710076758016-1-a1iW.jpg,https://storage.googleapis.com/collx-product-images/1115574710076758016-2-oJoz.jpg,0.99,1,,,Mule Sauce,,1
7/20/26,1115574694230677504,Baseball,72,John Moses,Minnesota Twins,1989,Topps,1989 Topps,,RAW,https://storage.googleapis.com/collx-product-images/1115574694230677504-1-4rou.jpg,https://storage.googleapis.com/collx-product-images/1115574694230677504-2-UV5c.jpg,0.05,0.25,,,Mule Sauce,,1
7/20/26,1115574698190100480,Baseball,615,Jose Butto,New York Mets,2023,Topps,2023 Topps,RC,RAW,https://storage.googleapis.com/collx-product-images/1115574698190100480-1-qFT9.jpg,https://storage.googleapis.com/collx-product-images/1115574698190100480-2-eCai.jpg,0.99,1,,,Mule Sauce,,1
7/20/26,1115574702308907008,Baseball,700,Juan Soto,New York Mets,2025,Topps,2025 Topps,,RAW,https://storage.googleapis.com/collx-product-images/1115574702308907008-1-dv3E.jpg,https://storage.googleapis.com/collx-product-images/1115574702308907008-2-sU7m.jpg,1.00,0.5,,,Mule Sauce,,1
7/20/26,1115574689717606400,Baseball,698,Keith Atherton,Minnesota Twins,1989,Topps,1989 Topps,,RAW,https://storage.googleapis.com/collx-product-images/1115574689717606400-1-71td.jpg,https://storage.googleapis.com/collx-product-images/1115574689717606400-2-x2kX.jpg,0.08,0.25,,,Mule Sauce,,1
7/20/26,1115574677596067840,Baseball,467,Joe Ryan,Minnesota Twins,2023,Topps,2023 Topps,,RAW,https://storage.googleapis.com/collx-product-images/1115574677596067840-1-t6Vi.jpg,https://storage.googleapis.com/collx-product-images/1115574677596067840-2-ZYuZ.jpg,1.60,1.5,,,Mule Sauce,,1
7/20/26,1115574681941366784,Baseball,604,Joey Gallo,Minnesota Twins,2023,Topps,2023 Topps,,RAW,https://storage.googleapis.com/collx-product-images/1115574681941366784-1-yIUX.jpg,https://storage.googleapis.com/collx-product-images/1115574681941366784-2-rShQ.jpg,0.24,0.25,,,Mule Sauce,,1
7/20/26,1115574685582022656,Baseball,698,Keith Atherton,Minnesota Twins,1989,Topps,1989 Topps,,RAW,https://storage.googleapis.com/collx-product-images/1115574685582022656-1-1Tba.jpg,https://storage.googleapis.com/collx-product-images/1115574685582022656-2-vIpL.jpg,0.08,0.25,,,Mule Sauce,,1
7/20/26,1115574673401763840,Baseball,505,José Miranda,Minnesota Twins,2023,Topps,2023 Topps,,RAW,https://storage.googleapis.com/collx-product-images/1115574673401763840-1-WSM.jpg,https://storage.googleapis.com/collx-product-images/1115574673401763840-2-a8s.jpg,0.73,0.5,,,Mule Sauce,,1
7/20/26,1115574668729309184,Baseball,515,Jorge Polanco,Minnesota Twins,2023,Topps,2023 Topps,,RAW,https://storage.googleapis.com/collx-product-images/1115574668729309184-1-gqpn.jpg,https://storage.googleapis.com/collx-product-images/1115574668729309184-2-NtZ6.jpg,1.25,1.5,,,Mule Sauce,,1
7/20/26,1115574612534024192,Baseball,SMLB-45,Jackson Chourio,Milwaukee Brewers,2026,Topps,2026 Topps - Stars of MLB,,RAW,https://storage.googleapis.com/collx-product-images/1115574612534024192-1-Gbiq.jpg,https://storage.googleapis.com/collx-product-images/1115574612534024192-2-VoIC.jpg,0.99,1,,,Mule Sauce,,1
7/20/26,1115574604271245312,Baseball,410,Hayden Harris,Atlanta Braves,2026,Topps,2026 Topps,RC,RAW,https://storage.googleapis.com/collx-product-images/1115574604271245312-1-ELc3.jpg,https://storage.googleapis.com/collx-product-images/1115574604271245312-2-xHHq.jpg,1.39,1.5,,,Mule Sauce,,1
7/20/26,1115574608851425280,Baseball,91B2-45,Jakob Marsee,Miami Marlins,2026,Topps,2026 Topps - 1991 Topps Baseball 35th Anniversary (Series Two),,RAW,https://storage.googleapis.com/collx-product-images/1115574608851425280-1-RYeR.jpg,https://storage.googleapis.com/collx-product-images/1115574608851425280-2-AUKD.jpg,1.29,1.5,,,Mule Sauce,,1
7/20/26,1115574595974912000,Baseball,603,George Valera,Cleveland Guardians,2026,Topps,2026 Topps,RC,RAW,https://storage.googleapis.com/collx-product-images/1115574595974912000-1-o2Gf.jpg,https://storage.googleapis.com/collx-product-images/1115574595974912000-2-e5i.jpg,1.99,2,,,Mule Sauce,,1
7/20/26,1115574599582013440,Baseball,91B2-49,Joe DiMaggio,New York Yankees,2026,Topps,2026 Topps - 1991 Topps Baseball 35th Anniversary (Series Two),,RAW,https://storage.googleapis.com/collx-product-images/1115574599582013440-1-XBo.jpg,https://storage.googleapis.com/collx-product-images/1115574599582013440-2-McaO.jpg,1.78,2,,,Mule Sauce,,1
7/20/26,1115574588668434432,Baseball,598,Jack Winkler,Houston Astros,2026,Topps,2026 Topps,RC,RAW,https://storage.googleapis.com/collx-product-images/1115574588668434432-1-GDW0.jpg,https://storage.googleapis.com/collx-product-images/1115574588668434432-2-WdbZ.jpg,1.60,1.97,,,Mule Sauce,,1
7/20/26,1115574592040654848,Baseball,511,Jayvien Sandridge,Los Angeles Angels,2026,Topps,2026 Topps,RC,RAW,https://storage.googleapis.com/collx-product-images/1115574592040654848-1-n4yc.jpg,https://storage.googleapis.com/collx-product-images/1115574592040654848-2-2oYd.jpg,1.00,1,,,Mule Sauce,,1
7/20/26,1115574580095277056,Baseball,51,Gunnar Henderson,Baltimore Orioles,2026,Topps,2026 Topps - Flagship Collection (Series Two),,RAW,https://storage.googleapis.com/collx-product-images/1115574580095277056-1-pjnv.jpg,https://storage.googleapis.com/collx-product-images/1115574580095277056-2-amKx.jpg,1.53,1.5,,,Mule Sauce,,1
7/20/26,1115574584901949440,Baseball,532,Jackson Jobe,Detroit Tigers,2026,Topps,2026 Topps,,RAW,https://storage.googleapis.com/collx-product-images/1115574584901949440-1-Gda9.jpg,https://storage.googleapis.com/collx-product-images/1115574584901949440-2-nMAs.jpg,1.00,1,,,Mule Sauce,,1
7/20/26,1115574572109322240,Baseball,48,Jacob deGrom,New York Mets,2023,Topps,2023 Topps,,RAW,https://storage.googleapis.com/collx-product-images/1115574572109322240-1-FcIv.jpg,https://storage.googleapis.com/collx-product-images/1115574572109322240-2-b4xT.jpg,0.09,0.25,,,Mule Sauce,,1
7/20/26,1115574576152631296,Baseball,595,Griffin Jax,Minnesota Twins,2023,Topps,2023 Topps,,RAW,https://storage.googleapis.com/collx-product-images/1115574576152631296-1-gzSb.jpg,https://storage.googleapis.com/collx-product-images/1115574576152631296-2-SZi7.jpg,1.20,1,,,Mule Sauce,,1
7/20/26,1115574563771045888,Baseball,167,Jeff McNeil,New York Mets,2025,Topps,2025 Topps Chrome - Refractors,,RAW,https://storage.googleapis.com/collx-product-images/1115574563771045888-1-3mjj.jpg,https://storage.googleapis.com/collx-product-images/1115574563771045888-2-2Ejr.jpg,1.00,1,,,Mule Sauce,,1
7/20/26,1115574567998904320,Baseball,356,Harrison Bader,Minnesota Twins,2025,Topps,2025 Topps,,RAW,https://storage.googleapis.com/collx-product-images/1115574567998904320-1-ZT87.jpg,https://storage.googleapis.com/collx-product-images/1115574567998904320-2-JDJA.jpg,0.99,1,,,Mule Sauce,,1
7/20/26,1115574551783725056,Baseball,564,Gil Hodges,New York Mets,1969,Topps,1969 Topps,,RAW,https://storage.googleapis.com/collx-product-images/1115574551783725056-1-k7pA.jpg,https://storage.googleapis.com/collx-product-images/1115574551783725056-2-57FO.jpg,7.99,8,,,Mule Sauce,,1
7/20/26,1115574555558598656,Baseball,233b,Gregg Jefferies,New York Mets,1989,Topps,1989 Topps,,RAW,https://storage.googleapis.com/collx-product-images/1115574555558598656-1-if10.jpg,https://storage.googleapis.com/collx-product-images/1115574555558598656-2-WV07.jpg,1.59,1.5,,,Mule Sauce,,1
7/20/26,1115574559601907712,Baseball,176,Jeff Parrett,Montreal Expos,1989,Topps,1989 Topps,,RAW,https://storage.googleapis.com/collx-product-images/1115574559601907712-1-lABz.jpg,https://storage.googleapis.com/collx-product-images/1115574559601907712-2-HA8N.jpg,0.05,0.25,,,Mule Sauce,,1
7/20/26,1115574544326252544,Baseball,426,Jeff McNeil,New York Mets,2023,Topps,2023 Topps,,RAW,https://storage.googleapis.com/collx-product-images/1115574544326252544-1-pzSw.jpg,https://storage.googleapis.com/collx-product-images/1115574544326252544-2-aARe.jpg,1.00,1,,,Mule Sauce,,1
7/20/26,1115574548008851456,Baseball,426,Jeff McNeil,New York Mets,2023,Topps,2023 Topps,,RAW,https://storage.googleapis.com/collx-product-images/1115574548008851456-1-Z8Y8.jpg,https://storage.googleapis.com/collx-product-images/1115574548008851456-2-Qhax.jpg,1.00,1,,,Mule Sauce,,1
7/20/26,1115574535845369856,Baseball,775,Jeff Reardon,Minnesota Twins,1989,Topps,1989 Topps,,RAW,https://storage.googleapis.com/collx-product-images/1115574535845369856-1-EviY.jpg,https://storage.googleapis.com/collx-product-images/1115574535845369856-2-qNRa.jpg,1.04,1,,,Mule Sauce,,1
7/20/26,1115574540844980224,Baseball,19,Greg Gagne,Minnesota Twins,1989,Topps,1989 Topps,,RAW,https://storage.googleapis.com/collx-product-images/1115574540844980224-1-9SdV.jpg,https://storage.googleapis.com/collx-product-images/1115574540844980224-2-sj.jpg,1.33,1.5,,,Mule Sauce,,1
7/20/26,1115574528186570752,Baseball,218,Jhoan Duran,Minnesota Twins,2023,Topps,2023 Topps,,RAW,https://storage.googleapis.com/collx-product-images/1115574528186570752-1-7LoT.jpg,https://storage.googleapis.com/collx-product-images/1115574528186570752-2-0KYX.jpg,0.06,0.25,,,Mule Sauce,,1
7/20/26,1115574531709786112,Baseball,595,Griffin Jax,Minnesota Twins,2023,Topps,2023 Topps,,RAW,https://storage.googleapis.com/collx-product-images/1115574531709786112-1-tF5n.jpg,https://storage.googleapis.com/collx-product-images/1115574531709786112-2-bQV.jpg,1.20,1,,,Mule Sauce,,1
7/20/26,1115574519252703232,Baseball,775,Jeff Reardon,Minnesota Twins,1989,Topps,1989 Topps,,RAW,https://storage.googleapis.com/collx-product-images/1115574519252703232-1-UjhF.jpg,https://storage.googleapis.com/collx-product-images/1115574519252703232-2-hpBQ.jpg,1.04,1,,,Mule Sauce,,1
7/20/26,1115574524034209792,Baseball,56,Jermaine Palacios,Minnesota Twins,2023,Topps,2023 Topps,RC,RAW,https://storage.googleapis.com/collx-product-images/1115574524034209792-1-R6o.jpg,https://storage.googleapis.com/collx-product-images/1115574524034209792-2-uw7c.jpg,0.11,0.25,,,Mule Sauce,,1
7/20/26,1115574515419109376,Baseball,746,German Gonzalez,Minnesota Twins,1989,Topps,1989 Topps,,RAW,https://storage.googleapis.com/collx-product-images/1115574515419109376-1-xtQz.jpg,https://storage.googleapis.com/collx-product-images/1115574515419109376-2-iG3s.jpg,0.42,0.5,,,Mule Sauce,,1
7/20/26,1115574444787030016,Baseball,25,Garrett Crochet,Boston Red Sox,2026,Topps,2026 Topps - Flagship Collection Chrome (Series Two),,RAW,https://storage.googleapis.com/collx-product-images/1115574444787030016-1-JVzQ.jpg,https://storage.googleapis.com/collx-product-images/1115574444787030016-2-UWtQ.jpg,1.99,2,,,Mule Sauce,,1
7/20/26,1115574449300101120,Baseball,30,Freddie Freeman,Los Angeles Dodgers,2026,Topps,2026 Topps - Flagship Collection (Series Two),,RAW,https://storage.googleapis.com/collx-product-images/1115574449300101120-1-UViE.jpg,https://storage.googleapis.com/collx-product-images/1115574449300101120-2-iPaq.jpg,1.34,1.5,,,Mule Sauce,,1
7/20/26,1115574436062877696,Baseball,401,Eduarniel Núñez,Athletics,2026,Topps,2026 Topps,RC,RAW,https://storage.googleapis.com/collx-product-images/1115574436062877696-1-r01.jpg,https://storage.googleapis.com/collx-product-images/1115574436062877696-2-ib1U.jpg,1.50,1.5,,,Mule Sauce,,1
7/20/26,1115574441003767808,Baseball,91AS-17,Elly De La Cruz,Cincinnati Reds,2026,Topps,2026 Topps - 1991 Topps Baseball 35th Anniversary All-Stars (Series Two),,RAW,https://storage.googleapis.com/collx-product-images/1115574441003767808-1-SPFS.jpg,https://storage.googleapis.com/collx-product-images/1115574441003767808-2-iguH.jpg,1.70,1.5,,,Mule Sauce,,1
7/20/26,1115574427774932992,Baseball,TOG-29,Freddie Freeman,Los Angeles Dodgers,2026,Topps,2026 Topps - Titans of the Game,,RAW,https://storage.googleapis.com/collx-product-images/1115574427774932992-1-gNZF.jpg,https://storage.googleapis.com/collx-product-images/1115574427774932992-2-lOPt.jpg,0.70,1,,,Mule Sauce,,1
7/20/26,1115574432120231936,Baseball,635,Edgar Quero,Chicago White Sox,2026,Topps,2026 Topps,,RAW,https://storage.googleapis.com/collx-product-images/1115574432120231936-1-DarI.jpg,https://storage.googleapis.com/collx-product-images/1115574432120231936-2-CtQG.jpg,0.78,1,,,Mule Sauce,,1
7/20/26,1115574419797366784,Baseball,6,Elly De La Cruz,Cincinnati Reds,2026,Topps,2026 Topps - Flagship Collection Chrome (Series Two),,RAW,https://storage.googleapis.com/collx-product-images/1115574419797366784-1-kPT5.jpg,https://storage.googleapis.com/collx-product-images/1115574419797366784-2-cqRI.jpg,2.97,2.5,,,Mule Sauce,,1
7/20/26,1115574423270250496,Baseball,692,Drake Baldwin,Atlanta Braves,2026,Topps,2026 Topps,,RAW,https://storage.googleapis.com/collx-product-images/1115574423270250496-1-Qu3d.jpg,https://storage.googleapis.com/collx-product-images/1115574423270250496-2-GzO9.jpg,1.27,1.5,,,Mule Sauce,,1
7/20/26,1115574410855110656,Baseball,482,Edwin Díaz,New York Mets,2023,Topps,2023 Topps,,RAW,https://storage.googleapis.com/collx-product-images/1115574410855110656-1-xPwk.jpg,https://storage.googleapis.com/collx-product-images/1115574410855110656-2-CpO2.jpg,2.49,2.5,,,Mule Sauce,,1
7/20/26,1115574415309461504,Baseball,503,Edouard Julien,Minnesota Twins,2025,Topps,2025 Topps,,RAW,https://storage.googleapis.com/collx-product-images/1115574415309461504-1-oOIC.jpg,https://storage.googleapis.com/collx-product-images/1115574415309461504-2-NkSn.jpg,1.23,1,,,Mule Sauce,,1
7/20/26,1115574403162757120,Baseball,680,Gary Carter,New York Mets,1989,Topps,1989 Topps,,RAW,https://storage.googleapis.com/collx-product-images/1115574403162757120-1-nFg.jpg,https://storage.googleapis.com/collx-product-images/1115574403162757120-2-lMo9.jpg,0.14,0.25,,,Mule Sauce,,1
7/20/26,1115574407021516800,Baseball,81,Expos Leaders,Montreal Expos,1989,Topps,1989 Topps,,RAW,https://storage.googleapis.com/collx-product-images/1115574407021516800-1-OSnA.jpg,https://storage.googleapis.com/collx-product-images/1115574407021516800-2-KKGc.jpg,0.71,0.5,,,Mule Sauce,,1
7/20/26,1115574395050973184,Baseball,393,Gary Carter,New York Mets,1989,Topps,1989 Topps,,RAW,https://storage.googleapis.com/collx-product-images/1115574395050973184-1-0nQ4.jpg,https://storage.googleapis.com/collx-product-images/1115574395050973184-2-XUx1.jpg,0.11,0.25,,,Mule Sauce,,1
7/20/26,1115574399085893632,Baseball,3,Gary Carter,New York Mets,1989,Topps,1989 Topps,,RAW,https://storage.googleapis.com/collx-product-images/1115574399085893632-1-kAK0.jpg,https://storage.googleapis.com/collx-product-images/1115574399085893632-2-AccC.jpg,0.10,0.25,,,Mule Sauce,,1
7/20/26,1115574383860570112,Baseball,644,Francisco Álvarez,New York Mets,2023,Topps,2023 Topps,RC,RAW,https://storage.googleapis.com/collx-product-images/1115574383860570112-1-8R6G.jpg,https://storage.googleapis.com/collx-product-images/1115574383860570112-2-HzaD.jpg,0.99,1,,,Mule Sauce,,1
7/20/26,1115574387190847488,Baseball,482,Edwin Díaz,New York Mets,2023,Topps,2023 Topps,,RAW,https://storage.googleapis.com/collx-product-images/1115574387190847488-1-NwNI.jpg,https://storage.googleapis.com/collx-product-images/1115574387190847488-2-XXC0.jpg,2.49,2.5,,,Mule Sauce,,1
7/20/26,1115574391276099584,Baseball,118,Eduardo Escobar,New York Mets,2023,Topps,2023 Topps,,RAW,https://storage.googleapis.com/collx-product-images/1115574391276099584-1-zsy1.jpg,https://storage.googleapis.com/collx-product-images/1115574391276099584-2-CYJ3.jpg,1.99,2,,,Mule Sauce,,1
7/20/26,1115574375941724160,Baseball,644,Francisco Álvarez,New York Mets,2023,Topps,2023 Topps,RC,RAW,https://storage.googleapis.com/collx-product-images/1115574375941724160-1-Bm0D.jpg,https://storage.googleapis.com/collx-product-images/1115574375941724160-2-Z2OB.jpg,0.99,1,,,Mule Sauce,,1
7/20/26,1115574379372664832,Baseball,482,Edwin Díaz,New York Mets,2023,Topps,2023 Topps,,RAW,https://storage.googleapis.com/collx-product-images/1115574379372664832-1-bh6.jpg,https://storage.googleapis.com/collx-product-images/1115574379372664832-2-E9TG.jpg,2.49,2.5,,,Mule Sauce,,1
7/20/26,1115574367318235136,Baseball,318,Gene Larkin,Minnesota Twins,1989,Topps,1989 Topps,,RAW,https://storage.googleapis.com/collx-product-images/1115574367318235136-1-Eynm.jpg,https://storage.googleapis.com/collx-product-images/1115574367318235136-2-DXPD.jpg,0.06,0.25,,,Mule Sauce,,1
7/20/26,1115574371890026496,Baseball,450,Francisco Lindor,New York Mets,2023,Topps,2023 Topps,,RAW,https://storage.googleapis.com/collx-product-images/1115574371890026496-1-8KgQ.jpg,https://storage.googleapis.com/collx-product-images/1115574371890026496-2-8Pmu.jpg,0.34,0.5,,,Mule Sauce,,1
7/20/26,1115574359214839808,Baseball,136,Dylan Bundy,Minnesota Twins,2023,Topps,2023 Topps,,RAW,https://storage.googleapis.com/collx-product-images/1115574359214839808-1-RH21.jpg,https://storage.googleapis.com/collx-product-images/1115574359214839808-2-4gR5.jpg,1.49,1.5,,,Mule Sauce,,1
7/20/26,1115574363769853952,Baseball,220,Gary Gaetti,Minnesota Twins,1989,Topps,1989 Topps,,RAW,https://storage.googleapis.com/collx-product-images/1115574363769853952-1-zHY.jpg,https://storage.googleapis.com/collx-product-images/1115574363769853952-2-33Np.jpg,0.52,0.5,,,Mule Sauce,,1
7/20/26,1115574351581206528,Baseball,120,Frank Viola,Minnesota Twins,1989,Topps,1989 Topps,,RAW,https://storage.googleapis.com/collx-product-images/1115574351581206528-1-PalA.jpg,https://storage.googleapis.com/collx-product-images/1115574351581206528-2-cGHS.jpg,1.25,1.5,,,Mule Sauce,,1
7/20/26,1115574355372857344,Baseball,203,Gary Sanchez,Minnesota Twins,2023,Topps,2023 Topps,,RAW,https://storage.googleapis.com/collx-product-images/1115574355372857344-1-q0FD.jpg,https://storage.googleapis.com/collx-product-images/1115574355372857344-2-Fac.jpg,0.36,0.5,,,Mule Sauce,,1
7/20/26,1115574270798911488,Baseball,435,Denzer Guzman,Los Angeles Angels,2026,Topps,2026 Topps,RC,RAW,https://storage.googleapis.com/collx-product-images/1115574270798911488-1-vGtv.jpg,https://storage.googleapis.com/collx-product-images/1115574270798911488-2-Ib4U.jpg,0.87,1,,,Mule Sauce,,1
7/20/26,1115574262234142720,Baseball,501,Connelly Early,Boston Red Sox,2026,Topps,2026 Topps,RC,RAW,https://storage.googleapis.com/collx-product-images/1115574262234142720-1-qwKJ.jpg,https://storage.googleapis.com/collx-product-images/1115574262234142720-2-m753.jpg,1.39,1.5,,,Mule Sauce,,1
7/20/26,1115574266134845440,Baseball,644,Christian Montes De Oca,Arizona Diamondbacks,2026,Topps,2026 Topps,RC,RAW,https://storage.googleapis.com/collx-product-images/1115574266134845440-1-BX.jpg,https://storage.googleapis.com/collx-product-images/1115574266134845440-2-MvH6.jpg,0.99,1,,,Mule Sauce,,1
7/20/26,1115574252830513152,Baseball,59,Corbin Carroll,Arizona Diamondbacks,2026,Topps,2026 Topps - Flagship Collection (Series Two),,RAW,https://storage.googleapis.com/collx-product-images/1115574252830513152-1-PfbC.jpg,https://storage.googleapis.com/collx-product-images/1115574252830513152-2-TpIh.jpg,1.49,1.5,,,Mule Sauce,,1
7/20/26,1115574257494579200,Baseball,28,Clayton Kershaw,Los Angeles Dodgers,2026,Topps,2026 Topps - Flagship Collection (Series Two),,RAW,https://storage.googleapis.com/collx-product-images/1115574257494579200-1-BWGt.jpg,https://storage.googleapis.com/collx-product-images/1115574257494579200-2-V79O.jpg,1.34,1.5,,,Mule Sauce,,1
7/20/26,1115574243837925376,Baseball,TOG-21,Christian Moore,Los Angeles Angels,2026,Topps,2026 Topps - Titans of the Game,,RAW,https://storage.googleapis.com/collx-product-images/1115574243837925376-1-59CC.jpg,https://storage.googleapis.com/collx-product-images/1115574243837925376-2-HCqH.jpg,1.12,1,,,Mule Sauce,,1
7/20/26,1115574248921421824,Baseball,10,Dansby Swanson,Chicago Cubs,2026,Topps,2026 Topps - Flagship Collection (Series Two),,RAW,https://storage.googleapis.com/collx-product-images/1115574248921421824-1-XS6s.jpg,https://storage.googleapis.com/collx-product-images/1115574248921421824-2-Ly0H.jpg,2.39,2.5,,,Mule Sauce,,1
7/20/26,1115574236053297152,Baseball,710,Dave Cone,New York Mets,1989,Topps,1989 Topps,,RAW,https://storage.googleapis.com/collx-product-images/1115574236053297152-1-nTY9.jpg,https://storage.googleapis.com/collx-product-images/1115574236053297152-2-YouM.jpg,1.00,1,,,Mule Sauce,,1
7/20/26,1115574239861725184,Baseball,SMLB-31,Christian Moore,Los Angeles Angels,2026,Topps,2026 Topps - Stars of MLB,,RAW,https://storage.googleapis.com/collx-product-images/1115574239861725184-1-I08z.jpg,https://storage.googleapis.com/collx-product-images/1115574239861725184-2-T2J5.jpg,1.11,1,,,Mule Sauce,,1
7/20/26,1115574227681466368,Baseball,70,Darin Ruf,New York Mets,2023,Topps,2023 Topps,,RAW,https://storage.googleapis.com/collx-product-images/1115574227681466368-1-M86d.jpg,https://storage.googleapis.com/collx-product-images/1115574227681466368-2-shkl.jpg,1.25,1.5,,,Mule Sauce,,1
7/20/26,1115574231624112128,Baseball,147,Daniel Vogelbach,New York Mets,2023,Topps,2023 Topps,,RAW,https://storage.googleapis.com/collx-product-images/1115574231624112128-1-ysBg.jpg,https://storage.googleapis.com/collx-product-images/1115574231624112128-2-Kj3E.jpg,1.99,2,,,Mule Sauce,,1
7/20/26,1115574218563049472,Baseball,465,Chris Archer,Minnesota Twins,2023,Topps,2023 Topps,,RAW,https://storage.googleapis.com/collx-product-images/1115574218563049472-1-Ceda.jpg,https://storage.googleapis.com/collx-product-images/1115574218563049472-2-jtS.jpg,0.99,1,,,Mule Sauce,,1
7/20/26,1115574223235504128,Baseball,153,Devin Williams,New York Yankees,2025,Topps,2025 Topps Chrome - Refractors,,RAW,https://storage.googleapis.com/collx-product-images/1115574223235504128-1-JghS.jpg,https://storage.googleapis.com/collx-product-images/1115574223235504128-2-LLm5.jpg,,1,,,Mule Sauce,,1
7/20/26,1115574210879084544,Baseball,763,Dave Martinez,Montreal Expos,1989,Topps,1989 Topps,,RAW,https://storage.googleapis.com/collx-product-images/1115574210879084544-1-8zpk.jpg,https://storage.googleapis.com/collx-product-images/1115574210879084544-2-M5c.jpg,1.48,1.5,,,Mule Sauce,,1
7/20/26,1115574214561683456,Baseball,313,Denny Martinez,Montreal Expos,1989,Topps,1989 Topps,,RAW,https://storage.googleapis.com/collx-product-images/1115574214561683456-1-oUQr.jpg,https://storage.googleapis.com/collx-product-images/1115574214561683456-2-lLh0.jpg,0.26,0.5,,,Mule Sauce,,1
7/20/26,1115574201961994240,Baseball,710,Dave Cone,New York Mets,1989,Topps,1989 Topps,,RAW,https://storage.googleapis.com/collx-product-images/1115574201961994240-1-vxgm.jpg,https://storage.googleapis.com/collx-product-images/1115574201961994240-2-4X7w.jpg,1.00,1,,,Mule Sauce,,1
7/20/26,1115574206483453952,Baseball,763,Dave Martinez,Montreal Expos,1989,Topps,1989 Topps,,RAW,https://storage.googleapis.com/collx-product-images/1115574206483453952-1-FZYJ.jpg,https://storage.googleapis.com/collx-product-images/1115574206483453952-2-G2oS.jpg,1.48,1.5,,,Mule Sauce,,1
7/20/26,1115574191593674752,Baseball,710,Dave Cone,New York Mets,1989,Topps,1989 Topps,,RAW,https://storage.googleapis.com/collx-product-images/1115574191593674752-1-TXS.jpg,https://storage.googleapis.com/collx-product-images/1115574191593674752-2-aTYx.jpg,1.00,1,,,Mule Sauce,,1
7/20/26,1115574197574752256,Baseball,684,Dave Johnson,New York Mets,1989,Topps,1989 Topps,,RAW,https://storage.googleapis.com/collx-product-images/1115574197574752256-1-TaVS.jpg,https://storage.googleapis.com/collx-product-images/1115574197574752256-2-0Whc.jpg,1.24,1,,,Mule Sauce,,1
7/20/26,1115574184085870592,Baseball,787,Dave West,New York Mets,1989,Topps,1989 Topps,RC,RAW,https://storage.googleapis.com/collx-product-images/1115574184085870592-1-tWt2.jpg,https://storage.googleapis.com/collx-product-images/1115574184085870592-2-zY2n.jpg,1.49,1.5,,,Mule Sauce,,1
7/20/26,1115574187600697344,Baseball,300,Darryl Strawberry,New York Mets,1989,Topps,1989 Topps,,RAW,https://storage.googleapis.com/collx-product-images/1115574187600697344-1-n08I.jpg,https://storage.googleapis.com/collx-product-images/1115574187600697344-2-rjCt.jpg,0.58,0.5,,,Mule Sauce,,1
7/20/26,1115574175353329664,Baseball,19,DaShawn Keirsey,Minnesota Twins,2025,Topps,2025 Topps Chrome,RC,RAW,https://storage.googleapis.com/collx-product-images/1115574175353329664-1-1oUr.jpg,https://storage.googleapis.com/collx-product-images/1115574175353329664-2-rS5G.jpg,0.99,1,,,Mule Sauce,,1
7/20/26,1115574179899955200,Baseball,787,Dave West,New York Mets,1989,Topps,1989 Topps,RC,RAW,https://storage.googleapis.com/collx-product-images/1115574179899955200-1-gmb7.jpg,https://storage.googleapis.com/collx-product-images/1115574179899955200-2-DQsk.jpg,1.49,1.5,,,Mule Sauce,,1
7/20/26,1115574166956333056,Baseball,19,DaShawn Keirsey,Minnesota Twins,2025,Topps,2025 Topps Chrome,RC,RAW,https://storage.googleapis.com/collx-product-images/1115574166956333056-1-Prf9.jpg,https://storage.googleapis.com/collx-product-images/1115574166956333056-2-p2rw.jpg,0.99,1,,,Mule Sauce,,1
7/20/26,1115574171444238336,Baseball,156,David Festa,Minnesota Twins,2025,Topps,2025 Topps Chrome,RC,RAW,https://storage.googleapis.com/collx-product-images/1115574171444238336-1-D1xJ.jpg,https://storage.googleapis.com/collx-product-images/1115574171444238336-2-yicp.jpg,1.25,1.5,,,Mule Sauce,,1
7/20/26,1115574107112003584,Baseball,44,Bubba Chandler,Pittsburgh Pirates,2026,Topps,2026 Topps - Flagship Collection (Series Two),,RAW,https://storage.googleapis.com/collx-product-images/1115574107112003584-1-cf42.jpg,https://storage.googleapis.com/collx-product-images/1115574107112003584-2-4meT.jpg,1.99,2.5,,,Mule Sauce,,1
7/20/26,1115574098673063936,Baseball,TOG-38,Bryce Eldridge,San Francisco Giants,2026,Topps,2026 Topps - Titans of the Game,,RAW,https://storage.googleapis.com/collx-product-images/1115574098673063936-1-JHEG.jpg,https://storage.googleapis.com/collx-product-images/1115574098673063936-2-44Lm.jpg,1.00,1,,,Mule Sauce,,1
7/20/26,1115574102145947648,Baseball,453,Chase Dollander,Colorado Rockies,2026,Topps,2026 Topps,,RAW,https://storage.googleapis.com/collx-product-images/1115574102145947648-1-PGyA.jpg,https://storage.googleapis.com/collx-product-images/1115574102145947648-2-8Z7W.jpg,0.40,0.5,,,Mule Sauce,,1
7/20/26,1115574094294210560,Baseball,617,Caden Dana,Los Angeles Angels,2026,Topps,2026 Topps,,RAW,https://storage.googleapis.com/collx-product-images/1115574094294210560-1-di92.jpg,https://storage.googleapis.com/collx-product-images/1115574094294210560-2-8YbL.jpg,0.99,1,,,Mule Sauce,,1
7/20/26,1115574085192570880,Baseball,617,Caden Dana,Los Angeles Angels,2026,Topps,2026 Topps,,RAW,https://storage.googleapis.com/collx-product-images/1115574085192570880-1-PPy6.jpg,https://storage.googleapis.com/collx-product-images/1115574085192570880-2-heui.jpg,0.99,1,,,Mule Sauce,,1
7/20/26,1115574089764362240,Baseball,679,Cam Sanders,Pittsburgh Pirates,2026,Topps,2026 Topps,RC,RAW,https://storage.googleapis.com/collx-product-images/1115574089764362240-1-nuFS.jpg,https://storage.googleapis.com/collx-product-images/1115574089764362240-2-AuGq.jpg,1.00,1,,,Mule Sauce,,1
7/20/26,1115574077055621120,Baseball,SMLB-52,Bryce Eldridge,San Francisco Giants,2026,Topps,2026 Topps - Stars of MLB,,RAW,https://storage.googleapis.com/collx-product-images/1115574077055621120-1-CRo7.jpg,https://storage.googleapis.com/collx-product-images/1115574077055621120-2-pNbc.jpg,1.00,1,,,Mule Sauce,,1
7/20/26,1115574080931158016,Baseball,406,Bryce Eldridge,San Francisco Giants,2026,Topps,2026 Topps,RC,RAW,https://storage.googleapis.com/collx-product-images/1115574080931158016-1-rML.jpg,https://storage.googleapis.com/collx-product-images/1115574080931158016-2-je.jpg,1.00,3,,,Mule Sauce,,1
7/20/26,1115574068004313088,Baseball,34,Carter Jensen,Kansas City Royals,2026,Topps,2026 Topps - Flagship Collection (Series Two),,RAW,https://storage.googleapis.com/collx-product-images/1115574068004313088-1-s0qO.jpg,https://storage.googleapis.com/collx-product-images/1115574068004313088-2-5LDN.jpg,1.75,2,,,Mule Sauce,,1
7/20/26,1115574072911648768,Baseball,56,C.J. Kayfus,Cleveland Guardians,2026,Topps,2026 Topps - Flagship Collection (Series Two),,RAW,https://storage.googleapis.com/collx-product-images/1115574072911648768-1-7gfV.jpg,https://storage.googleapis.com/collx-product-images/1115574072911648768-2-tIoA.jpg,1.79,2,,,Mule Sauce,,1
7/20/26,1115574059154331648,Baseball,610,Brooks Lee,Minnesota Twins,2026,Topps,2026 Topps,,RAW,https://storage.googleapis.com/collx-product-images/1115574059154331648-1-pViM.jpg,https://storage.googleapis.com/collx-product-images/1115574059154331648-2-3ZHU.jpg,0.99,1,,,Mule Sauce,,1
7/20/26,1115574063893895168,Baseball,79,Bryce Eldridge,San Francisco Giants,2026,Topps,2026 Topps - Flagship Collection (Series Two),,RAW,https://storage.googleapis.com/collx-product-images/1115574063893895168-1-66Yc.jpg,https://storage.googleapis.com/collx-product-images/1115574063893895168-2-F8Kf.jpg,2.00,2,,,Mule Sauce,,1
7/20/26,1115574050983827456,Baseball,SMLB-50,Bubba Chandler,Pittsburgh Pirates,2026,Topps,2026 Topps - Stars of MLB Crackle Foil,,RAW,https://storage.googleapis.com/collx-product-images/1115574050983827456-1-EAuZ.jpg,https://storage.googleapis.com/collx-product-images/1115574050983827456-2-Ipll.jpg,1.25,1.5,,,Mule Sauce,,1
7/20/26,1115574054926473216,Baseball,SMLB-41,Brice Matthews,Houston Astros,2026,Topps,2026 Topps - Stars of MLB,,RAW,https://storage.googleapis.com/collx-product-images/1115574054926473216-1-gHiF.jpg,https://storage.googleapis.com/collx-product-images/1115574054926473216-2-mQbj.jpg,1.00,1,,,Mule Sauce,,1
7/20/26,1115574042393892864,Baseball,53,Carson Williams,Tampa Bay Rays,2026,Topps,2026 Topps - Flagship Collection (Series Two),,RAW,https://storage.googleapis.com/collx-product-images/1115574042393892864-1-t7S.jpg,https://storage.googleapis.com/collx-product-images/1115574042393892864-2-iCh6.jpg,,4,,,Mule Sauce,,1
7/20/26,1115574046772746240,Baseball,12,Chase DeLauter,Cleveland Guardians,2026,Topps,2026 Topps - Flagship Collection (Series Two),,RAW,https://storage.googleapis.com/collx-product-images/1115574046772746240-1-UFh.jpg,https://storage.googleapis.com/collx-product-images/1115574046772746240-2-yvJm.jpg,1.99,2,,,Mule Sauce,,1
7/20/26,1115574034718316544,Baseball,583,Carlos Correa,Minnesota Twins,2023,Topps,2023 Topps,,RAW,https://storage.googleapis.com/collx-product-images/1115574034718316544-1-PREk.jpg,https://storage.googleapis.com/collx-product-images/1115574034718316544-2-Wu0U.jpg,0.49,0.5,,,Mule Sauce,,1
7/20/26,1115574038384138240,Baseball,530,Carter Jensen,Kansas City Royals,2026,Topps,2026 Topps,RC,RAW,https://storage.googleapis.com/collx-product-images/1115574038384138240-1-dwj.jpg,https://storage.googleapis.com/collx-product-images/1115574038384138240-2-52RZ.jpg,1.30,1,,,Mule Sauce,,1
7/20/26,1115574025625065472,Baseball,161,Carlos Carrasco,New York Mets,2023,Topps,2023 Topps,,RAW,https://storage.googleapis.com/collx-product-images/1115574025625065472-1-y85X.jpg,https://storage.googleapis.com/collx-product-images/1115574025625065472-2-n4hr.jpg,2.67,2.5,,,Mule Sauce,,1
7/20/26,1115574030263965696,Baseball,190,Bro Time,New York Mets,2023,Topps,2023 Topps,,RAW,https://storage.googleapis.com/collx-product-images/1115574030263965696-1-geds.jpg,https://storage.googleapis.com/collx-product-images/1115574030263965696-2-wP5.jpg,0.99,1,,,Mule Sauce,,1
7/20/26,1115574016842192896,Baseball,583,Carlos Correa,Minnesota Twins,2023,Topps,2023 Topps,,RAW,https://storage.googleapis.com/collx-product-images/1115574016842192896-1-tFx.jpg,https://storage.googleapis.com/collx-product-images/1115574016842192896-2-RM3L.jpg,0.49,0.5,,,Mule Sauce,,1
7/20/26,1115574021363652608,Baseball,633,Carlos Carrasco,New York Mets,2022,Topps,2022 Topps Chrome Sapphire Edition,,RAW,https://storage.googleapis.com/collx-product-images/1115574021363652608-1-A9Is.jpg,https://storage.googleapis.com/collx-product-images/1115574021363652608-2-NWL2.jpg,1.17,1,,,Mule Sauce,,1
7/20/26,1115574009476995072,Baseball,25,Byron Buxton,Minnesota Twins,2023,Topps,2023 Topps,,RAW,https://storage.googleapis.com/collx-product-images/1115574009476995072-1-iccQ.jpg,https://storage.googleapis.com/collx-product-images/1115574009476995072-2-OVRl.jpg,1.19,1,,,Mule Sauce,,1
7/20/26,1115574013243480064,Baseball,465,Chris Archer,Minnesota Twins,2023,Topps,2023 Topps,,RAW,https://storage.googleapis.com/collx-product-images/1115574013243480064-1-n7rj.jpg,https://storage.googleapis.com/collx-product-images/1115574013243480064-2-ghYL.jpg,0.99,1,,,Mule Sauce,,1
7/20/26,1115574005442074624,Baseball,204,Carlos Correa,Minnesota Twins,2025,Topps,2025 Topps Chrome,,RAW,https://storage.googleapis.com/collx-product-images/1115574005442074624-1-9bzX.jpg,https://storage.googleapis.com/collx-product-images/1115574005442074624-2-Pi2N.jpg,1.49,1.5,,,Mule Sauce,,1
7/20/26,1115573948433094656,Baseball,572,Alan Rangel,Philadelphia Phillies,2026,Topps,2026 Topps,RC,RAW,https://storage.googleapis.com/collx-product-images/1115573948433094656-1-C64n.jpg,https://storage.googleapis.com/collx-product-images/1115573948433094656-2-BemY.jpg,1.38,1,,,Mule Sauce,,1
7/20/26,1115573943290877952,Baseball,71,Alex Bregman,Chicago Cubs,2026,Topps,2026 Topps - Flagship Collection (Series Two),,RAW,https://storage.googleapis.com/collx-product-images/1115573943290877952-1-nLSZ.jpg,https://storage.googleapis.com/collx-product-images/1115573943290877952-2-bBvL.jpg,1.99,2,,,Mule Sauce,,1
7/20/26,1115573933920802816,Baseball,674,Andre Granillo,Washington Nationals,2026,Topps,2026 Topps,RC,RAW,https://storage.googleapis.com/collx-product-images/1115573933920802816-1-iR96.jpg,https://storage.googleapis.com/collx-product-images/1115573933920802816-2-aEX8.jpg,0.50,0.5,,,Mule Sauce,,1
7/20/26,1115573938660366336,Baseball,60,Alex Freeland,Los Angeles Dodgers,2026,Topps,2026 Topps - Flagship Collection (Series Two),,RAW,https://storage.googleapis.com/collx-product-images/1115573938660366336-1-pYDV.jpg,https://storage.googleapis.com/collx-product-images/1115573938660366336-2-zpmA.jpg,2.49,2.5,,,Mule Sauce,,1
7/20/26,1115573924844328960,Baseball,75,Adley Rutschman,Baltimore Orioles,2026,Topps,2026 Topps - Flagship Collection (Series Two),,RAW,https://storage.googleapis.com/collx-product-images/1115573924844328960-1-MJUw.jpg,https://storage.googleapis.com/collx-product-images/1115573924844328960-2-FWAd.jpg,1.49,1.5,,,Mule Sauce,,1
7/20/26,1115573929374177280,Baseball,696,Andrew Hoffmann,Arizona Diamondbacks,2026,Topps,2026 Topps,RC,RAW,https://storage.googleapis.com/collx-product-images/1115573929374177280-1-oHTN.jpg,https://storage.googleapis.com/collx-product-images/1115573929374177280-2-OrvG.jpg,0.67,0.5,,,Mule Sauce,,1
7/20/26,1115573915600082944,Baseball,595,Austin Martin,Minnesota Twins,2025,Topps,2025 Topps,,RAW,https://storage.googleapis.com/collx-product-images/1115573915600082944-1-WpR3.jpg,https://storage.googleapis.com/collx-product-images/1115573915600082944-2-u2dG.jpg,0.99,1,,,Mule Sauce,,1
7/20/26,1115573919760832512,Baseball,381,Brian Van Belle,Tampa Bay Rays,2026,Topps,2026 Topps,RC,RAW,https://storage.googleapis.com/collx-product-images/1115573919760832512-1-9xRE.jpg,https://storage.googleapis.com/collx-product-images/1115573919760832512-2-CMVR.jpg,1.80,1.89,,,Mule Sauce,,1
7/20/26,1115573906347448320,Baseball,280,Brandon Nimmo,New York Mets,2025,Topps,2025 Topps Chrome,,RAW,https://storage.googleapis.com/collx-product-images/1115573906347448320-1-ExGW.jpg,https://storage.googleapis.com/collx-product-images/1115573906347448320-2-Vxcf.jpg,1.45,1.5,,,Mule Sauce,,1
7/20/26,1115573910583695360,Baseball,280,Brandon Nimmo,New York Mets,2025,Topps,2025 Topps Chrome,,RAW,https://storage.googleapis.com/collx-product-images/1115573910583695360-1-MkTm.jpg,https://storage.googleapis.com/collx-product-images/1115573910583695360-2-ExGO.jpg,1.45,1.5,,,Mule Sauce,,1
7/20/26,1115573897648461824,Baseball,474,Bob Rodgers,Montreal Expos,1989,Topps,1989 Topps,,RAW,https://storage.googleapis.com/collx-product-images/1115573897648461824-1-DgcP.jpg,https://storage.googleapis.com/collx-product-images/1115573897648461824-2-WvOO.jpg,0.05,0.25,,,Mule Sauce,,1
7/20/26,1115573901716936704,Baseball,474,Bob Rodgers,Montreal Expos,1989,Topps,1989 Topps,,RAW,https://storage.googleapis.com/collx-product-images/1115573901716936704-1-HOsd.jpg,https://storage.googleapis.com/collx-product-images/1115573901716936704-2-0v36.jpg,0.05,0.25,,,Mule Sauce,,1
7/20/26,1115573889184356352,Baseball,474,Bob Rodgers,Montreal Expos,1989,Topps,1989 Topps,,RAW,https://storage.googleapis.com/collx-product-images/1115573889184356352-1-DGZq.jpg,https://storage.googleapis.com/collx-product-images/1115573889184356352-2-IFwq.jpg,0.05,0.25,,,Mule Sauce,,1
7/20/26,1115573893722593280,Baseball,412,Barry Lyons,New York Mets,1989,Topps,1989 Topps,,RAW,https://storage.googleapis.com/collx-product-images/1115573893722593280-1-Qm3n.jpg,https://storage.googleapis.com/collx-product-images/1115573893722593280-2-W7R5.jpg,0.99,1,,,Mule Sauce,,1
7/20/26,1115573884872611840,Baseball,590,Andres Galarraga,Montreal Expos,1989,Topps,1989 Topps,,RAW,https://storage.googleapis.com/collx-product-images/1115573884872611840-1-M8LR.jpg,https://storage.googleapis.com/collx-product-images/1115573884872611840-2-mqic.jpg,0.40,0.5,,,Mule Sauce,,1
7/20/26,1115573876173625344,Baseball,412,Barry Lyons,New York Mets,1989,Topps,1989 Topps,,RAW,https://storage.googleapis.com/collx-product-images/1115573876173625344-1-nu7k.jpg,https://storage.googleapis.com/collx-product-images/1115573876173625344-2-YwuH.jpg,0.99,1,,,Mule Sauce,,1
7/20/26,1115573880309209088,Baseball,333,Bob Ojeda,New York Mets,1989,Topps,1989 Topps,,RAW,https://storage.googleapis.com/collx-product-images/1115573880309209088-1-wVb.jpg,https://storage.googleapis.com/collx-product-images/1115573880309209088-2-raXM.jpg,1.20,1,,,Mule Sauce,,1
7/20/26,1115573867986343936,Baseball,612,Adam Ottavino,New York Mets,2023,Topps,2023 Topps,,RAW,https://storage.googleapis.com/collx-product-images/1115573867986343936-1-VHvm.jpg,https://storage.googleapis.com/collx-product-images/1115573867986343936-2-FKXE.jpg,1.29,1.5,,,Mule Sauce,,1
7/20/26,1115573871979321344,Baseball,89,Brett Baty,New York Mets,2023,Topps,2023 Topps,RC,RAW,https://storage.googleapis.com/collx-product-images/1115573871979321344-1-qoB0.jpg,https://storage.googleapis.com/collx-product-images/1115573871979321344-2-AZ5t.jpg,0.95,1,,,Mule Sauce,,1
7/20/26,1115573858188449792,Baseball,614,Brandon Nimmo,New York Mets,2023,Topps,2023 Topps,,RAW,https://storage.googleapis.com/collx-product-images/1115573858188449792-1-2ceq.jpg,https://storage.googleapis.com/collx-product-images/1115573858188449792-2-Dc60.jpg,1.11,1,,,Mule Sauce,,1
7/20/26,1115573863347443712,Baseball,612,Adam Ottavino,New York Mets,2023,Topps,2023 Topps,,RAW,https://storage.googleapis.com/collx-product-images/1115573863347443712-1-o1rs.jpg,https://storage.googleapis.com/collx-product-images/1115573863347443712-2-wbSe.jpg,1.29,1.5,,,Mule Sauce,,1
7/20/26,1115573850168940544,Baseball,555,Bert Blyleven,Minnesota Twins,1989,Topps,1989 Topps,,RAW,https://storage.googleapis.com/collx-product-images/1115573850168940544-1-0ImT.jpg,https://storage.googleapis.com/collx-product-images/1115573850168940544-2-IdQe.jpg,0.09,0.25,,,Mule Sauce,,1
7/20/26,1115573854245804032,Baseball,503,Al Newman,Minnesota Twins,1989,Topps,1989 Topps,,RAW,https://storage.googleapis.com/collx-product-images/1115573854245804032-1-v9Wb.jpg,https://storage.googleapis.com/collx-product-images/1115573854245804032-2-LQA.jpg,0.06,0.25,,,Mule Sauce,,1
7/20/26,1115573841612560384,Baseball,281,Aaron Ashby,Milwaukee Brewers,2023,Topps,2023 Topps,,RAW,https://storage.googleapis.com/collx-product-images/1115573841612560384-1-WKsn.jpg,https://storage.googleapis.com/collx-product-images/1115573841612560384-2-J6a5.jpg,1.59,1.5,,,Mule Sauce,,1
7/20/26,1115573845513263104,Baseball,415,Alex Kirilloff,Minnesota Twins,2023,Topps,2023 Topps,,RAW,https://storage.googleapis.com/collx-product-images/1115573845513263104-1-9Mkj.jpg,https://storage.googleapis.com/collx-product-images/1115573845513263104-2-lCoc.jpg,1.49,1.5,,,Mule Sauce,,1
7/20/26,1114923017491923968,Baseball,25,William Contreras,Milwaukee Brewers,2025,Topps,2025 Topps Chrome,,RAW,https://storage.googleapis.com/collx-product-images/1114923017491923968-1-vPmK.jpg,https://storage.googleapis.com/collx-product-images/1114923017491923968-2-ZyI0.jpg,0.91,1,,,Blackmagicdesign,,1
7/20/26,1114923021375849472,Baseball,433,William Contreras,Milwaukee Brewers,2025,Topps,2025 Topps,,RAW,https://storage.googleapis.com/collx-product-images/1114923021375849472-1-biP.jpg,https://storage.googleapis.com/collx-product-images/1114923021375849472-2-X69f.jpg,15.00,15,,,Blackmagicdesign,,1
7/20/26,1114923008499336192,Baseball,115,Xavier Edwards,Miami Marlins,2025,Topps,2025 Topps Chrome,,RAW,https://storage.googleapis.com/collx-product-images/1114923008499336192-1-QG7r.jpg,https://storage.googleapis.com/collx-product-images/1114923008499336192-2-0r0K.jpg,1.16,1,,,Blackmagicdesign,,1
7/20/26,1114923012836246528,Baseball,106,Willy Adames,Milwaukee Brewers,2023,Topps,2023 Topps,,RAW,https://storage.googleapis.com/collx-product-images/1114923012836246528-1-GXN.jpg,https://storage.googleapis.com/collx-product-images/1114923012836246528-2-vKsG.jpg,0.24,0.25,,,Blackmagicdesign,,1
7/20/26,1114923000580490240,Baseball,115,Xavier Edwards,Miami Marlins,2025,Topps,2025 Topps Chrome - Lightboard Logo Refractors,,RAW,https://storage.googleapis.com/collx-product-images/1114923000580490240-1-IXA6.jpg,https://storage.googleapis.com/collx-product-images/1114923000580490240-2-0D4D.jpg,9.97,10,,,Blackmagicdesign,,1
7/20/26,1114923004162425856,Baseball,115,Xavier Edwards,Miami Marlins,2025,Topps,2025 Topps Chrome,,RAW,https://storage.googleapis.com/collx-product-images/1114923004162425856-1-OqsE.jpg,https://storage.googleapis.com/collx-product-images/1114923004162425856-2-Jm0.jpg,1.16,1,,,Blackmagicdesign,,1
7/20/26,1114922992879748096,Baseball,211,Zach Neto,Los Angeles Angels,2025,Topps,2025 Topps Chrome - Prism Refractors,,RAW,https://storage.googleapis.com/collx-product-images/1114922992879748096-1-H59O.jpg,https://storage.googleapis.com/collx-product-images/1114922992879748096-2-nOHx.jpg,1.94,2,,,Blackmagicdesign,,1
7/20/26,1114922996864336896,Baseball,27,Yoshinobu Yamamoto,Los Angeles Dodgers,2025,Topps,2025 Topps All-Star Game,,RAW,https://storage.googleapis.com/collx-product-images/1114922996864336896-1-JPOe.jpg,https://storage.googleapis.com/collx-product-images/1114922996864336896-2-FLGu.jpg,1.31,1.5,,,Blackmagicdesign,,1
7/20/26,1114922985011233792,Baseball,BCP-15,Walker Janek,Houston Astros,2025,Bowman,2025 Bowman - Chrome Prospects,,RAW,https://storage.googleapis.com/collx-product-images/1114922985011233792-1-VV1e.jpg,https://storage.googleapis.com/collx-product-images/1114922985011233792-2-OuGN.jpg,1.23,1,,,Blackmagicdesign,,1
7/20/26,1114922988828050432,Baseball,181,Yordan Alvarez,Houston Astros,2023,Topps,2023 Topps - Foilboard Retail,SN608,RAW,https://storage.googleapis.com/collx-product-images/1114922988828050432-1-0WCq.jpg,https://storage.googleapis.com/collx-product-images/1114922988828050432-2-qpNH.jpg,5.85,6,,,Blackmagicdesign,,1
7/20/26,1114922980749820928,Baseball,607,Willie Ansley,Houston Astros,1989,Topps,1989 Topps,RC,RAW,https://storage.googleapis.com/collx-product-images/1114922980749820928-1-TbOk.jpg,https://storage.googleapis.com/collx-product-images/1114922980749820928-2-UkGR.jpg,1.00,1,,,Blackmagicdesign,,1
7/20/26,1114922911057265664,Baseball,FS-20,Sonny Gray,Minnesota Twins,2023,Topps,2023 Topps - Favorite Sons,,RAW,https://storage.googleapis.com/collx-product-images/1114922911057265664-1-ixTl.jpg,https://storage.googleapis.com/collx-product-images/1114922911057265664-2-YapG.jpg,1.48,1.5,,,Blackmagicdesign,,1
7/20/26,1114922906309313536,Baseball,361,Victor Caratini,Milwaukee Brewers,2023,Topps,2023 Topps,,RAW,https://storage.googleapis.com/collx-product-images/1114922906309313536-1-oPoX.jpg,https://storage.googleapis.com/collx-product-images/1114922906309313536-2-y6bf.jpg,1.49,1.5,,,Blackmagicdesign,,1
7/20/26,1114922893239862272,Baseball,344,Tom Trebelhorn,Milwaukee Brewers,1989,Topps,1989 Topps,,RAW,https://storage.googleapis.com/collx-product-images/1114922893239862272-1-TqMN.jpg,https://storage.googleapis.com/collx-product-images/1114922893239862272-2-xBco.jpg,1.64,1.5,,,Blackmagicdesign,,1
7/20/26,1114922899019613184,Baseball,361,Victor Caratini,Milwaukee Brewers,2023,Topps,2023 Topps,,RAW,https://storage.googleapis.com/collx-product-images/1114922899019613184-1-WEwr.jpg,https://storage.googleapis.com/collx-product-images/1114922899019613184-2-U6OY.jpg,1.49,1.5,,,Blackmagicdesign,,1
7/20/26,1114922884012393472,Baseball,595,Teddy Higuera,Milwaukee Brewers,1989,Topps,1989 Topps,,RAW,https://storage.googleapis.com/collx-product-images/1114922884012393472-1-FIK.jpg,https://storage.googleapis.com/collx-product-images/1114922884012393472-2-knGk.jpg,0.99,1,,,Blackmagicdesign,,1
7/20/26,1114922888349303808,Baseball,595,Teddy Higuera,Milwaukee Brewers,1989,Topps,1989 Topps,,RAW,https://storage.googleapis.com/collx-product-images/1114922888349303808-1-3Pku.jpg,https://storage.googleapis.com/collx-product-images/1114922888349303808-2-GQ06.jpg,0.99,1,,,Blackmagicdesign,,1
7/20/26,1114922874952696832,Baseball,61,Tyrone Taylor,Milwaukee Brewers,2023,Topps,2023 Topps,,RAW,https://storage.googleapis.com/collx-product-images/1114922874952696832-1-4PuE.jpg,https://storage.googleapis.com/collx-product-images/1114922874952696832-2-sJkY.jpg,1.27,1.5,,,Blackmagicdesign,,1
7/20/26,1114922879448990720,Baseball,419,Tom Filer,Milwaukee Brewers,1989,Topps,1989 Topps,,RAW,https://storage.googleapis.com/collx-product-images/1114922879448990720-1-o6fb.jpg,https://storage.googleapis.com/collx-product-images/1114922879448990720-2-V4kw.jpg,1.60,1.5,,,Blackmagicdesign,,1
7/20/26,1114922866010440704,Baseball,29,Trevor Rogers,Miami Marlins,2023,Topps,2023 Topps,,RAW,https://storage.googleapis.com/collx-product-images/1114922866010440704-1-1Sxl.jpg,https://storage.googleapis.com/collx-product-images/1114922866010440704-2-zs7y.jpg,1.59,1.5,,,Blackmagicdesign,,1
7/20/26,1114922871060382720,Baseball,361,Victor Caratini,Milwaukee Brewers,2023,Topps,2023 Topps,,RAW,https://storage.googleapis.com/collx-product-images/1114922871060382720-1-P3J.jpg,https://storage.googleapis.com/collx-product-images/1114922871060382720-2-vF7.jpg,1.49,1.5,,,Blackmagicdesign,,1
7/20/26,1114922858125149184,Baseball,107,Sandy Alcantara,Miami Marlins,2023,Topps,2023 Topps,,RAW,https://storage.googleapis.com/collx-product-images/1114922858125149184-1-eXn.jpg,https://storage.googleapis.com/collx-product-images/1114922858125149184-2-OYFB.jpg,0.89,1,,,Blackmagicdesign,,1
7/20/26,1114922861807748096,Baseball,18,Tanner Scott,Miami Marlins,2023,Topps,2023 Topps,RC,RAW,https://storage.googleapis.com/collx-product-images/1114922861807748096-1-hRVC.jpg,https://storage.googleapis.com/collx-product-images/1114922861807748096-2-IPEQ.jpg,1.41,1.5,,,Blackmagicdesign,,1
7/20/26,1114922850650899456,Baseball,122,Valente Bellozo,Miami Marlins,2025,Topps,2025 Topps Chrome,RC,RAW,https://storage.googleapis.com/collx-product-images/1114922850650899456-1-n1g7.jpg,https://storage.googleapis.com/collx-product-images/1114922850650899456-2-5ohT.jpg,0.36,0.5,,,Blackmagicdesign,,1
7/20/26,1114922854450938880,Baseball,122,Valente Bellozo,Miami Marlins,2025,Topps,2025 Topps Chrome - Refractors,RC,RAW,https://storage.googleapis.com/collx-product-images/1114922854450938880-1-AI5V.jpg,https://storage.googleapis.com/collx-product-images/1114922854450938880-2-72lx.jpg,,1,,,Blackmagicdesign,,1
7/20/26,1114922842950157312,Baseball,126,Sandy Alcantara,Miami Marlins,2025,Topps,2025 Topps Chrome - Prism Refractors,,RAW,https://storage.googleapis.com/collx-product-images/1114922842950157312-1-AvFN.jpg,https://storage.googleapis.com/collx-product-images/1114922842950157312-2-Kwf.jpg,1.29,1.5,,,Blackmagicdesign,,1
7/20/26,1114922847169627136,Baseball,171,Starlin Castro,Miami Marlins,2019,Topps,2019 Topps Chrome,,RAW,https://storage.googleapis.com/collx-product-images/1114922847169627136-1-qYo8.jpg,https://storage.googleapis.com/collx-product-images/1114922847169627136-2-O0mR.jpg,0.25,0.5,,,Blackmagicdesign,,1
7/20/26,1114922834704155648,Baseball,651,Sal Frelick,Milwaukee Brewers,2025,Topps,2025 Topps,,RAW,https://storage.googleapis.com/collx-product-images/1114922834704155648-1-xRa6.jpg,https://storage.googleapis.com/collx-product-images/1114922834704155648-2-JvHc.jpg,0.99,1,,,Blackmagicdesign,,1
7/20/26,1114922838646801408,Baseball,603,Tyrone Taylor,Milwaukee Brewers,2020,Topps,2020 Topps Heritage,RC,RAW,https://storage.googleapis.com/collx-product-images/1114922838646801408-1-ZxMR.jpg,https://storage.googleapis.com/collx-product-images/1114922838646801408-2-noNP.jpg,1.65,1.5,,,Blackmagicdesign,,1
7/20/26,1114922826877584384,Baseball,465,Tyler Glasnow,Los Angeles Dodgers,2025,Topps,2025 Topps Heritage,SP,RAW,https://storage.googleapis.com/collx-product-images/1114922826877584384-1-rSiY.jpg,https://storage.googleapis.com/collx-product-images/1114922826877584384-2-k7tW.jpg,1.99,2,,,Blackmagicdesign,,1
7/20/26,1114922830971225088,Baseball,456,Tim Belcher,Los Angeles Dodgers,1989,Topps,1989 Topps,,RAW,https://storage.googleapis.com/collx-product-images/1114922830971225088-1-JMgv.jpg,https://storage.googleapis.com/collx-product-images/1114922830971225088-2-9Uj.jpg,0.99,1,,,Blackmagicdesign,,1
7/20/26,1114922819143287808,Baseball,114,Salvador Perez,Kansas City Royals,2025,Topps,2025 Topps Chrome,,RAW,https://storage.googleapis.com/collx-product-images/1114922819143287808-1-VNl.jpg,https://storage.googleapis.com/collx-product-images/1114922819143287808-2-HSwF.jpg,1.89,2,,,Blackmagicdesign,,1
7/20/26,1114922822960104448,Baseball,128,Teoscar Hernández,Los Angeles Dodgers,2025,Topps,2025 Topps Chrome - Prism Refractors,,RAW,https://storage.googleapis.com/collx-product-images/1114922822960104448-1-yBlB.jpg,https://storage.googleapis.com/collx-product-images/1114922822960104448-2-0wpx.jpg,1.41,1.5,,,Blackmagicdesign,,1
7/20/26,1114922807508288512,Baseball,193,Sparky Anderson,Detroit Tigers,1989,Topps,1989 Topps,,RAW,https://storage.googleapis.com/collx-product-images/1114922807508288512-1-4sdL.jpg,https://storage.googleapis.com/collx-product-images/1114922807508288512-2-zpre.jpg,2.75,3,,,Blackmagicdesign,"UER: #553 misspelled ""Salazer""; ",1
7/20/26,1114922811224441856,Baseball,US276,Spencer Turnbull,Detroit Tigers,2019,Topps,2019 Topps Update,RC,RAW,https://storage.googleapis.com/collx-product-images/1114922811224441856-1-Plxf.jpg,https://storage.googleapis.com/collx-product-images/1114922811224441856-2-SxtN.jpg,1.00,1,,,Blackmagicdesign,,1
7/20/26,1114922814823154688,Baseball,19,Tarik Skubal,Detroit Tigers,2025,Topps,2025 Topps All-Star Game,,RAW,https://storage.googleapis.com/collx-product-images/1114922814823154688-1-0L0N.jpg,https://storage.googleapis.com/collx-product-images/1114922814823154688-2-iq0I.jpg,1.75,2,,,Blackmagicdesign,,1
7/20/26,1114922742563685376,Baseball,598,Rowdy Tellez,Milwaukee Brewers,2023,Topps,2023 Topps,,RAW,https://storage.googleapis.com/collx-product-images/1114922742563685376-1-zIAd.jpg,https://storage.googleapis.com/collx-product-images/1114922742563685376-2-0QaB.jpg,1.00,1,,,Blackmagicdesign,,1
7/20/26,1114922734066025472,Baseball,192,Paul Mirabella,Milwaukee Brewers,1989,Topps,1989 Topps,,RAW,https://storage.googleapis.com/collx-product-images/1114922734066025472-1-hE22.jpg,https://storage.googleapis.com/collx-product-images/1114922734066025472-2-K7Hw.jpg,1.00,1,,,Blackmagicdesign,,1
7/20/26,1114922738176443392,Baseball,731,Mike Young,Milwaukee Brewers,1989,Topps,1989 Topps,,RAW,https://storage.googleapis.com/collx-product-images/1114922738176443392-1-kka5.jpg,https://storage.googleapis.com/collx-product-images/1114922738176443392-2-txy2.jpg,0.05,0.25,,,Blackmagicdesign,,1
7/20/26,1114922725861966848,Baseball,63,Mark Clear,Milwaukee Brewers,1989,Topps,1989 Topps,,RAW,https://storage.googleapis.com/collx-product-images/1114922725861966848-1-GNcH.jpg,https://storage.googleapis.com/collx-product-images/1114922725861966848-2-wK0.jpg,0.05,0.25,,,Blackmagicdesign,,1
7/20/26,1114922730047882240,Baseball,263,Mike Felder,Milwaukee Brewers,1989,Topps,1989 Topps,,RAW,https://storage.googleapis.com/collx-product-images/1114922730047882240-1-uUKw.jpg,https://storage.googleapis.com/collx-product-images/1114922730047882240-2-WIrh.jpg,0.49,0.5,,,Blackmagicdesign,,1
7/20/26,1114922717171368960,Baseball,491,Mike Birkbeck,Milwaukee Brewers,1989,Topps,1989 Topps,,RAW,https://storage.googleapis.com/collx-product-images/1114922717171368960-1-jB0J.jpg,https://storage.googleapis.com/collx-product-images/1114922717171368960-2-8HiJ.jpg,0.74,0.5,,,Blackmagicdesign,,1
7/20/26,1114922721910932480,Baseball,263,Mike Felder,Milwaukee Brewers,1989,Topps,1989 Topps,,RAW,https://storage.googleapis.com/collx-product-images/1114922721910932480-1-gIge.jpg,https://storage.googleapis.com/collx-product-images/1114922721910932480-2-45qb.jpg,0.49,0.5,,,Blackmagicdesign,,1
7/20/26,1114922708455605248,Baseball,533,Milwaukee Brewers,Milwaukee Brewers,2023,Topps,2023 Topps,,RAW,https://storage.googleapis.com/collx-product-images/1114922708455605248-1-W4sF.jpg,https://storage.googleapis.com/collx-product-images/1114922708455605248-2-6GQH.jpg,1.75,2,,,Blackmagicdesign,,1
7/20/26,1114922712926733312,Baseball,364,Rob Deer,Milwaukee Brewers,1989,Topps,1989 Topps,,RAW,https://storage.googleapis.com/collx-product-images/1114922712926733312-1-jxTe.jpg,https://storage.googleapis.com/collx-product-images/1114922712926733312-2-JI9Q.jpg,1.49,1.5,,,Blackmagicdesign,,1
7/20/26,1114922700201214976,Baseball,539,Ryan Weathers,Miami Marlins,2025,Topps,2025 Topps,,RAW,https://storage.googleapis.com/collx-product-images/1114922700201214976-1-cPZb.jpg,https://storage.googleapis.com/collx-product-images/1114922700201214976-2-z5nb.jpg,0.99,1,,,Blackmagicdesign,,1
7/20/26,1114922704320021504,Baseball,22,Nestor Cortes,Milwaukee Brewers,2025,Topps,2025 Topps Chrome - X-Fractors,,RAW,https://storage.googleapis.com/collx-product-images/1114922704320021504-1-muf6.jpg,https://storage.googleapis.com/collx-product-images/1114922704320021504-2-yMGh.jpg,0.25,0.5,,,Blackmagicdesign,,1
7/20/26,1114922689715454976,Baseball,473,Miami Marlins,Miami Marlins,2023,Topps,2023 Topps,,RAW,https://storage.googleapis.com/collx-product-images/1114922689715454976-1-1IQr.jpg,https://storage.googleapis.com/collx-product-images/1114922689715454976-2-R5xe.jpg,1.69,1.5,,,Blackmagicdesign,,1
7/20/26,1114922694161417216,Baseball,388,Max Meyer,Miami Marlins,2023,Topps,2023 Topps,RC,RAW,https://storage.googleapis.com/collx-product-images/1114922694161417216-1-gpmH.jpg,https://storage.googleapis.com/collx-product-images/1114922694161417216-2-Ov6b.jpg,0.99,1,,,Blackmagicdesign,,1
7/20/26,1114922681729500160,Baseball,134,Otto Lopez,Miami Marlins,2025,Topps,2025 Topps Chrome,,RAW,https://storage.googleapis.com/collx-product-images/1114922681729500160-1-2Vk0.jpg,https://storage.googleapis.com/collx-product-images/1114922681729500160-2-NNxT.jpg,0.99,1,,,Blackmagicdesign,,1
7/20/26,1114922685672145920,Baseball,134,Otto Lopez,Miami Marlins,2025,Topps,2025 Topps Chrome,,RAW,https://storage.googleapis.com/collx-product-images/1114922685672145920-1-b2gY.jpg,https://storage.googleapis.com/collx-product-images/1114922685672145920-2-H1sQ.jpg,0.99,1,,,Blackmagicdesign,,1
7/20/26,1114922673995203584,Baseball,394,Orel Hershiser,Los Angeles Dodgers,1989,Topps,1989 Topps,,RAW,https://storage.googleapis.com/collx-product-images/1114922673995203584-1-IlOQ.jpg,https://storage.googleapis.com/collx-product-images/1114922673995203584-2-mI9A.jpg,0.99,1,,,Blackmagicdesign,,1
7/20/26,1114922677820408832,Baseball,5,Orel Hershiser,Los Angeles Dodgers,1989,Topps,1989 Topps,,RAW,https://storage.googleapis.com/collx-product-images/1114922677820408832-1-Klwt.jpg,https://storage.googleapis.com/collx-product-images/1114922677820408832-2-jpPt.jpg,1.50,1.5,,,Blackmagicdesign,,1
7/20/26,1114922666730669056,Baseball,217,Roki Sasaki,Los Angeles Dodgers,2025,Topps,2025 Topps Chrome,RC,RAW,https://storage.googleapis.com/collx-product-images/1114922666730669056-1-fIjw.jpg,https://storage.googleapis.com/collx-product-images/1114922666730669056-2-eBiv.jpg,1.99,2,,,Blackmagicdesign,,1
7/20/26,1114922670362936320,Baseball,45,River Ryan,Los Angeles Dodgers,2025,Topps,2025 Topps Heritage,RC,RAW,https://storage.googleapis.com/collx-product-images/1114922670362936320-1-RMiV.jpg,https://storage.googleapis.com/collx-product-images/1114922670362936320-2-BFCh.jpg,1.49,1.5,,,Blackmagicdesign,,1
7/20/26,1114922659742958592,Baseball,159,Los Angeles Angels,Los Angeles Angels,2022,Topps,2022 Topps Chrome Sapphire Edition,,RAW,https://storage.googleapis.com/collx-product-images/1114922659742958592-1-22hg.jpg,https://storage.googleapis.com/collx-product-images/1114922659742958592-2-aWC.jpg,18.00,18,,,Blackmagicdesign,,1
7/20/26,1114922663115179008,Baseball,FS-1,Mike Trout,Los Angeles Angels,2023,Topps,2023 Topps - Favorite Sons,,RAW,https://storage.googleapis.com/collx-product-images/1114922663115179008-1-spKh.jpg,https://storage.googleapis.com/collx-product-images/1114922663115179008-2-GoHd.jpg,1.48,1.5,,,Blackmagicdesign,,1
7/20/26,1114922652075770880,Baseball,31,Matt Manning,Detroit Tigers,2022,Topps,2022 Topps Chrome Sapphire Edition,RC,RAW,https://storage.googleapis.com/collx-product-images/1114922652075770880-1-xCnC.jpg,https://storage.googleapis.com/collx-product-images/1114922652075770880-2-5mGV.jpg,0.95,1,,,Blackmagicdesign,,1
7/20/26,1114922655909364736,Baseball,SMLBC-44,Miguel Cabrera,Detroit Tigers,2023,Topps,2023 Topps - Stars of MLB Chrome,,RAW,https://storage.googleapis.com/collx-product-images/1114922655909364736-1-ehdv.jpg,https://storage.googleapis.com/collx-product-images/1114922655909364736-2-raUJ.jpg,1.35,1.5,,,Blackmagicdesign,,1
7/20/26,1114922639492858880,Baseball,583,Paul Gibson,Detroit Tigers,1989,Topps,1989 Topps,RC,RAW,https://storage.googleapis.com/collx-product-images/1114922639492858880-1-GmG4.jpg,https://storage.googleapis.com/collx-product-images/1114922639492858880-2-ptFS.jpg,1.11,1,,,Blackmagicdesign,,1
7/20/26,1114922645188723712,Baseball,59,Riley Greene,Detroit Tigers,2025,Topps,2025 Topps All-Star Game,,RAW,https://storage.googleapis.com/collx-product-images/1114922645188723712-1-RD6G.jpg,https://storage.googleapis.com/collx-product-images/1114922645188723712-2-03ph.jpg,1.49,1.5,,,Blackmagicdesign,,1
7/20/26,1114922574867022848,Baseball,123,Jose Berrios,Minnesota Twins,2019,Topps,2019 Topps Chrome,,RAW,https://storage.googleapis.com/collx-product-images/1114922574867022848-1-30mx.jpg,https://storage.googleapis.com/collx-product-images/1114922574867022848-2-bsAR.jpg,0.25,0.5,,,Blackmagicdesign,,1
7/20/26,1114922566478414848,Baseball,287,Juan Nieves,Milwaukee Brewers,1989,Topps,1989 Topps,,RAW,https://storage.googleapis.com/collx-product-images/1114922566478414848-1-nA.jpg,https://storage.googleapis.com/collx-product-images/1114922566478414848-2-vjj.jpg,1.34,1.5,,,Blackmagicdesign,,1
7/20/26,1114922570597221376,Baseball,BCP-139,Kyle DeBarge,Minnesota Twins,2025,Bowman,2025 Bowman - Chrome Prospects,,RAW,https://storage.googleapis.com/collx-product-images/1114922570597221376-1-4Iyr.jpg,https://storage.googleapis.com/collx-product-images/1114922570597221376-2-wHaF.jpg,0.99,1,,,Blackmagicdesign,,1
7/20/26,1114922558777672704,Baseball,136,Joey Meyer,Milwaukee Brewers,1989,Topps,1989 Topps,,RAW,https://storage.googleapis.com/collx-product-images/1114922558777672704-1-CE82.jpg,https://storage.googleapis.com/collx-product-images/1114922558777672704-2-i3a5.jpg,1.50,1.5,,,Blackmagicdesign,,1
7/20/26,1114922562628043776,Baseball,671,Jim Gantner,Milwaukee Brewers,1989,Topps,1989 Topps,,RAW,https://storage.googleapis.com/collx-product-images/1114922562628043776-1-AQfx.jpg,https://storage.googleapis.com/collx-product-images/1114922562628043776-2-NldS.jpg,0.99,1,,,Blackmagicdesign,,1
7/20/26,1114922547394331648,Baseball,563,Jesús Luzardo,Miami Marlins,2023,Topps,2023 Topps,,RAW,https://storage.googleapis.com/collx-product-images/1114922547394331648-1-fKvO.jpg,https://storage.googleapis.com/collx-product-images/1114922547394331648-2-DUr7.jpg,0.01,0.25,,,Blackmagicdesign,,1
7/20/26,1114922551613801472,Baseball,265,Keston Hiura,Milwaukee Brewers,2022,Topps,2022 Topps Chrome Sapphire Edition,,RAW,https://storage.googleapis.com/collx-product-images/1114922551613801472-1-mPIh.jpg,https://storage.googleapis.com/collx-product-images/1114922551613801472-2-p7k8.jpg,1.00,1,,,Blackmagicdesign,,1
7/20/26,1114922555036353536,Baseball,104,Keston Hiura,Milwaukee Brewers,2023,Topps,2023 Topps,,RAW,https://storage.googleapis.com/collx-product-images/1114922555036353536-1-8VTv.jpg,https://storage.googleapis.com/collx-product-images/1114922555036353536-2-iTDg.jpg,0.99,1,,,Blackmagicdesign,,1
7/20/26,1114922539274159104,Baseball,551,Johnny Cueto,Miami Marlins,2023,Topps,2023 Topps,,RAW,https://storage.googleapis.com/collx-product-images/1114922539274159104-1-LmR0.jpg,https://storage.googleapis.com/collx-product-images/1114922539274159104-2-EnMG.jpg,0.99,1,,,Blackmagicdesign,,1
7/20/26,1114922543694955520,Baseball,477,Jorge Soler,Miami Marlins,2023,Topps,2023 Topps,,RAW,https://storage.googleapis.com/collx-product-images/1114922543694955520-1-8KH6.jpg,https://storage.googleapis.com/collx-product-images/1114922543694955520-2-VF6V.jpg,0.99,1,,,Blackmagicdesign,,1
7/20/26,1114922531959292928,Baseball,205,JJ Bleday,Miami Marlins,2023,Topps,2023 Topps,RC,RAW,https://storage.googleapis.com/collx-product-images/1114922531959292928-1-sOzp.jpg,https://storage.googleapis.com/collx-product-images/1114922531959292928-2-E8co.jpg,0.99,1,,,Blackmagicdesign,,1
7/20/26,1114922535499285504,Baseball,386,Jordan Groshans,Miami Marlins,2023,Topps,2023 Topps,RC,RAW,https://storage.googleapis.com/collx-product-images/1114922535499285504-1-v6Ls.jpg,https://storage.googleapis.com/collx-product-images/1114922535499285504-2-y5q.jpg,0.15,0.25,,,Blackmagicdesign,,1
7/20/26,1114922523763622912,Baseball,44,Jesus Sanchez,Miami Marlins,2023,Topps,2023 Topps,,RAW,https://storage.googleapis.com/collx-product-images/1114922523763622912-1-Qjl4.jpg,https://storage.googleapis.com/collx-product-images/1114922523763622912-2-5RVi.jpg,0.57,0.5,,,Blackmagicdesign,,1
7/20/26,1114922527932761088,Baseball,72,Jon Berti,Miami Marlins,2023,Topps,2023 Topps,,RAW,https://storage.googleapis.com/collx-product-images/1114922527932761088-1-Qe3s.jpg,https://storage.googleapis.com/collx-product-images/1114922527932761088-2-uqFk.jpg,0.79,1,,,Blackmagicdesign,,1
7/20/26,1114922515224019968,Baseball,396,Kirk Gibson,Los Angeles Dodgers,1989,Topps,1989 Topps,,RAW,https://storage.googleapis.com/collx-product-images/1114922515224019968-1-nII.jpg,https://storage.googleapis.com/collx-product-images/1114922515224019968-2-4bLL.jpg,0.72,0.5,,,Blackmagicdesign,,1
7/20/26,1114922519971972096,Baseball,477,Jorge Soler,Miami Marlins,2023,Topps,2023 Topps,,RAW,https://storage.googleapis.com/collx-product-images/1114922519971972096-1-UtZO.jpg,https://storage.googleapis.com/collx-product-images/1114922519971972096-2-0UBk.jpg,0.99,1,,,Blackmagicdesign,,1
7/20/26,1114922507724604416,Baseball,BCP-82,Kevyn Castillo,Los Angeles Angels,2025,Bowman,2025 Bowman - Chrome Prospects,,RAW,https://storage.googleapis.com/collx-product-images/1114922507724604416-1-wlWM.jpg,https://storage.googleapis.com/collx-product-images/1114922507724604416-2-hZvf.jpg,0.99,1,,,Blackmagicdesign,,1
7/20/26,1114922511591752704,Baseball,319,Justin Wrobleski,Los Angeles Dodgers,2025,Topps,2025 Topps Heritage,RC,RAW,https://storage.googleapis.com/collx-product-images/1114922511591752704-1-xPAt.jpg,https://storage.googleapis.com/collx-product-images/1114922511591752704-2-KWzc.jpg,1.29,1.5,,,Blackmagicdesign,,1
7/20/26,1114922499822535680,Baseball,77,Jose Altuve,Houston Astros,2025,Topps,2025 Topps Chrome - Prism Refractors,,RAW,https://storage.googleapis.com/collx-product-images/1114922499822535680-1-rN2I.jpg,https://storage.googleapis.com/collx-product-images/1114922499822535680-2-oKle.jpg,1.00,1,,,Blackmagicdesign,,1
7/20/26,1114922504083948544,Baseball,209,Jonathan India,Kansas City Royals,2025,Topps,2025 Topps Chrome - Prism Refractors,,RAW,https://storage.googleapis.com/collx-product-images/1114922504083948544-1-Wbmx.jpg,https://storage.googleapis.com/collx-product-images/1114922504083948544-2-Lkw7.jpg,1.49,1.5,,,Blackmagicdesign,,1
7/20/26,1114922491652031488,Baseball,295,Josh Hader,Houston Astros,2025,Topps,2025 Topps Chrome,,RAW,https://storage.googleapis.com/collx-product-images/1114922491652031488-1-056u.jpg,https://storage.googleapis.com/collx-product-images/1114922491652031488-2-O5nW.jpg,1.99,2,,,Blackmagicdesign,,1
7/20/26,1114922496248988672,Baseball,SMLBC-46,Jose Altuve,Houston Astros,2023,Topps,2023 Topps - Stars of MLB Chrome,,RAW,https://storage.googleapis.com/collx-product-images/1114922496248988672-1-65EA.jpg,https://storage.googleapis.com/collx-product-images/1114922496248988672-2-HYX9.jpg,1.00,1,,,Blackmagicdesign,,1
7/20/26,1114922482617500672,Baseball,7,Keider Montero,Detroit Tigers,2025,Topps,2025 Topps Chrome,RC,RAW,https://storage.googleapis.com/collx-product-images/1114922482617500672-1-dKm.jpg,https://storage.googleapis.com/collx-product-images/1114922482617500672-2-Z7AG.jpg,0.99,1,,,Blackmagicdesign,,1
7/20/26,1114922486811804672,Baseball,GL-9,Kevin McGonigle,Detroit Tigers,2025,Bowman,2025 Bowman - Greatness Loading,,RAW,https://storage.googleapis.com/collx-product-images/1114922486811804672-1-sO.jpg,https://storage.googleapis.com/collx-product-images/1114922486811804672-2-xH45.jpg,1.90,2,,,Blackmagicdesign,,1
7/20/26,1114922478339310592,Baseball,82,Justyn-Henry Malloy,Detroit Tigers,2025,Topps,2025 Topps All-Star Game,RC,RAW,https://storage.googleapis.com/collx-product-images/1114922478339310592-1-GII.jpg,https://storage.googleapis.com/collx-product-images/1114922478339310592-2-kxsO.jpg,1.25,1.5,,,Blackmagicdesign,,1
7/20/26,1114922404578280448,Baseball,262,Jackson Chourio,Milwaukee Brewers,2025,Topps,2025 Topps Chrome,,RAW,https://storage.googleapis.com/collx-product-images/1114922404578280448-1-lIDF.jpg,https://storage.googleapis.com/collx-product-images/1114922404578280448-2-wCtr.jpg,9.00,4,,,Blackmagicdesign,,1
7/20/26,1114922409963766784,Baseball,376,Jackson Chourio,Milwaukee Brewers,2025,Topps,2025 Topps,,RAW,https://storage.googleapis.com/collx-product-images/1114922409963766784-1-2lc3.jpg,https://storage.googleapis.com/collx-product-images/1114922409963766784-2-Mb6N.jpg,1.07,1,,,Blackmagicdesign,,1
7/20/26,1114922399050187776,Baseball,262,Jackson Chourio,Milwaukee Brewers,2025,Topps,2025 Topps Chrome,,RAW,https://storage.googleapis.com/collx-product-images/1114922399050187776-1-yn9l.jpg,https://storage.googleapis.com/collx-product-images/1114922399050187776-2-xP5N.jpg,9.00,4,,,Blackmagicdesign,,1
7/20/26,1114922390007268352,Baseball,262,Jackson Chourio,Milwaukee Brewers,2025,Topps,2025 Topps Chrome - Refractors,,RAW,https://storage.googleapis.com/collx-product-images/1114922390007268352-1-9ez.jpg,https://storage.googleapis.com/collx-product-images/1114922390007268352-2-d2ZI.jpg,1.32,1.5,,,Blackmagicdesign,,1
7/20/26,1114922393907971072,Baseball,262,Jackson Chourio,Milwaukee Brewers,2025,Topps,2025 Topps Chrome,,RAW,https://storage.googleapis.com/collx-product-images/1114922393907971072-1-OFfJ.jpg,https://storage.googleapis.com/collx-product-images/1114922393907971072-2-njw.jpg,9.00,4,,,Blackmagicdesign,,1
7/20/26,1114922381660603392,Baseball,653,Javier Sanoja,Miami Marlins,2025,Topps,2025 Topps,RC,RAW,https://storage.googleapis.com/collx-product-images/1114922381660603392-1-XR6R.jpg,https://storage.googleapis.com/collx-product-images/1114922381660603392-2-I9Sq.jpg,1.25,1.5,,,Blackmagicdesign,,1
7/20/26,1114922385771021312,Baseball,262,Jackson Chourio,Milwaukee Brewers,2025,Topps,2025 Topps Chrome,,RAW,https://storage.googleapis.com/collx-product-images/1114922385771021312-1-7xdz.jpg,https://storage.googleapis.com/collx-product-images/1114922385771021312-2-4rTI.jpg,9.00,4,,,Blackmagicdesign,,1
7/20/26,1114922373389435904,Baseball,172,Jazz Chisholm Jr.,Miami Marlins,2023,Topps,2023 Topps,,RAW,https://storage.googleapis.com/collx-product-images/1114922373389435904-1-NR6o.jpg,https://storage.googleapis.com/collx-product-images/1114922373389435904-2-NcUl.jpg,0.11,0.25,,,Blackmagicdesign,,1
7/20/26,1114922377877341184,Baseball,318,Jerar Encarnacion,Miami Marlins,2023,Topps,2023 Topps,RC,RAW,https://storage.googleapis.com/collx-product-images/1114922377877341184-1-Ikof.jpg,https://storage.googleapis.com/collx-product-images/1114922377877341184-2-8GQp.jpg,0.50,0.5,,,Blackmagicdesign,,1
7/20/26,1114922365848077312,Baseball,563,Jesús Luzardo,Miami Marlins,2023,Topps,2023 Topps,,RAW,https://storage.googleapis.com/collx-product-images/1114922365848077312-1-ljmj.jpg,https://storage.googleapis.com/collx-product-images/1114922365848077312-2-aMkz.jpg,0.01,0.25,,,Blackmagicdesign,,1
7/20/26,1114922369664893952,Baseball,399,Jean Segura,Miami Marlins,2023,Topps,2023 Topps,,RAW,https://storage.googleapis.com/collx-product-images/1114922369664893952-1-hvmK.jpg,https://storage.googleapis.com/collx-product-images/1114922369664893952-2-z36.jpg,0.99,1,,,Blackmagicdesign,,1
7/20/26,1114922354280186880,Baseball,SMLB-44,Jackson Chourio,Milwaukee Brewers,2025,Topps,2025 Topps - Stars of MLB,,RAW,https://storage.googleapis.com/collx-product-images/1114922354280186880-1-c2sv.jpg,https://storage.googleapis.com/collx-product-images/1114922354280186880-2-lFh.jpg,0.59,0.5,,,Blackmagicdesign,,1
7/20/26,1114922358164112384,Baseball,167,Jeff McNeil,New York Mets,2025,Topps,2025 Topps Chrome,,RAW,https://storage.googleapis.com/collx-product-images/1114922358164112384-1-m9hI.jpg,https://storage.googleapis.com/collx-product-images/1114922358164112384-2-lLp.jpg,1.85,1.94,,,Blackmagicdesign,,1
7/20/26,1114922361938985984,Baseball,76,Javier Sanoja,Miami Marlins,2025,Topps,2025 Topps Chrome,RC,RAW,https://storage.googleapis.com/collx-product-images/1114922361938985984-1-ocv0.jpg,https://storage.googleapis.com/collx-product-images/1114922361938985984-2-opIG.jpg,1.03,1,,,Blackmagicdesign,,1
7/20/26,1114922345849635840,Baseball,BCP-26,Jancel Villarroel,Houston Astros,2025,Bowman,2025 Bowman - Chrome Prospects,,RAW,https://storage.googleapis.com/collx-product-images/1114922345849635840-1-Orn1.jpg,https://storage.googleapis.com/collx-product-images/1114922345849635840-2-AG78.jpg,1.15,1,,,Blackmagicdesign,,1
7/20/26,1114922350329152512,Baseball,DD-18,Jackson Chourio / Christian Yelich,Milwaukee Brewers,2025,Topps,2025 Topps - Dynamic Duos,,RAW,https://storage.googleapis.com/collx-product-images/1114922350329152512-1-3R05.jpg,https://storage.googleapis.com/collx-product-images/1114922350329152512-2-dJ92.jpg,1.32,1.5,,,Blackmagicdesign,,1
7/20/26,1114922337612022784,Baseball,249,Jackson Jobe,Detroit Tigers,2025,Topps,2025 Topps Chrome - Prism Refractors,RC,RAW,https://storage.googleapis.com/collx-product-images/1114922337612022784-1-gq16.jpg,https://storage.googleapis.com/collx-product-images/1114922337612022784-2-mrNu.jpg,2.09,2,,,Blackmagicdesign,,1
7/20/26,1114922341797938176,Baseball,368,Jason Castro,Houston Astros,2022,Topps,2022 Topps Chrome Sapphire Edition,,RAW,https://storage.googleapis.com/collx-product-images/1114922341797938176-1-s5a.jpg,https://storage.googleapis.com/collx-product-images/1114922341797938176-2-LVV.jpg,0.66,0.5,,,Blackmagicdesign,,1
7/20/26,1114922330750141440,Baseball,59,Jace Jung,Detroit Tigers,2025,Bowman,2025 Bowman - Chrome Mojo Refractor,RC,RAW,https://storage.googleapis.com/collx-product-images/1114922330750141440-1-qlxS.jpg,https://storage.googleapis.com/collx-product-images/1114922330750141440-2-NtRz.jpg,1.05,1,,,Blackmagicdesign,,1
7/20/26,1114922334122361856,Baseball,225,Jace Jung,Detroit Tigers,2025,Topps,2025 Topps Chrome,RC,RAW,https://storage.googleapis.com/collx-product-images/1114922334122361856-1-21mQ.jpg,https://storage.googleapis.com/collx-product-images/1114922334122361856-2-qq9c.jpg,2.25,2.5,,,Blackmagicdesign,,1
7/20/26,1114922322638357504,Baseball,249,Jackson Jobe,Detroit Tigers,2025,Topps,2025 Topps Chrome - Prism Refractors,RC,RAW,https://storage.googleapis.com/collx-product-images/1114922322638357504-1-rlD.jpg,https://storage.googleapis.com/collx-product-images/1114922322638357504-2-mHSw.jpg,2.09,2,,,Blackmagicdesign,,1
7/20/26,1114922326371288064,Baseball,410,Jason Foley,Detroit Tigers,2025,Topps,2025 Topps - Diamante Foil,,RAW,https://storage.googleapis.com/collx-product-images/1114922326371288064-1-NryR.jpg,https://storage.googleapis.com/collx-product-images/1114922326371288064-2-aBmG.jpg,1.00,1,,,Blackmagicdesign,,1
7/20/26,1114922314090365952,Baseball,40,Jackson Jobe,Detroit Tigers,2025,Topps,2025 Topps All-Star Game,RC,RAW,https://storage.googleapis.com/collx-product-images/1114922314090365952-1-YciV.jpg,https://storage.googleapis.com/collx-product-images/1114922314090365952-2-kQQJ.jpg,1.25,1.5,,,Blackmagicdesign,,1
7/20/26,1114922318293058560,Baseball,40,Jackson Jobe,Detroit Tigers,2025,Topps,2025 Topps All-Star Game,RC,RAW,https://storage.googleapis.com/collx-product-images/1114922318293058560-1-JSGu.jpg,https://storage.googleapis.com/collx-product-images/1114922318293058560-2-gTcs.jpg,1.25,1.5,,,Blackmagicdesign,,1
7/20/26,1114922310122554368,Baseball,RR-10,Jackson Jobe,Detroit Tigers,2025,Bowman,2025 Bowman - Rockstar Rookies,,RAW,https://storage.googleapis.com/collx-product-images/1114922310122554368-1-JKrn.jpg,https://storage.googleapis.com/collx-product-images/1114922310122554368-2-PCXb.jpg,1.13,1,,,Blackmagicdesign,,1
7/20/26,1114922239683412992,Baseball,156,David Festa,Minnesota Twins,2025,Topps,2025 Topps Chrome,RC,RAW,https://storage.googleapis.com/collx-product-images/1114922239683412992-1-Ur8.jpg,https://storage.googleapis.com/collx-product-images/1114922239683412992-2-5YKo.jpg,1.25,1.5,,,Blackmagicdesign,,1
7/20/26,1114922243475063808,Baseball,92,Isaac Collins,Milwaukee Brewers,2025,Topps,2025 Topps Chrome,RC,RAW,https://storage.googleapis.com/collx-product-images/1114922243475063808-1-Q2KF.jpg,https://storage.googleapis.com/collx-product-images/1114922243475063808-2-I5wq.jpg,1.55,1.5,,,Blackmagicdesign,,1
7/20/26,1114922228761445376,Baseball,359,Garrett Mitchell,Milwaukee Brewers,2023,Topps,2023 Topps,RC,RAW,https://storage.googleapis.com/collx-product-images/1114922228761445376-1-1VcT.jpg,https://storage.googleapis.com/collx-product-images/1114922228761445376-2-y7sj.jpg,0.79,1,,,Blackmagicdesign,,1
7/20/26,1114922232284660736,Baseball,353,Freddy Peralta,Milwaukee Brewers,2023,Topps,2023 Topps,,RAW,https://storage.googleapis.com/collx-product-images/1114922232284660736-1-b6eI.jpg,https://storage.googleapis.com/collx-product-images/1114922232284660736-2-nNwb.jpg,0.99,1,,,Blackmagicdesign,,1
7/20/26,1114922236076311552,Baseball,19,DaShawn Keirsey,Minnesota Twins,2025,Topps,2025 Topps Chrome,RC,RAW,https://storage.googleapis.com/collx-product-images/1114922236076311552-1-BrN4.jpg,https://storage.googleapis.com/collx-product-images/1114922236076311552-2-PCto.jpg,0.99,1,,,Blackmagicdesign,,1
7/20/26,1114922220607718400,Baseball,92,Isaac Collins,Milwaukee Brewers,2025,Topps,2025 Topps Chrome,RC,RAW,https://storage.googleapis.com/collx-product-images/1114922220607718400-1-xuzS.jpg,https://storage.googleapis.com/collx-product-images/1114922220607718400-2-GA5b.jpg,1.55,1.5,,,Blackmagicdesign,,1
7/20/26,1114922224802022400,Baseball,353,Freddy Peralta,Milwaukee Brewers,2023,Topps,2023 Topps,,RAW,https://storage.googleapis.com/collx-product-images/1114922224802022400-1-71hn.jpg,https://storage.googleapis.com/collx-product-images/1114922224802022400-2-MfeV.jpg,0.99,1,,,Blackmagicdesign,,1
7/20/26,1114922216639906816,Baseball,718,Glenn Braggs,Milwaukee Brewers,1989,Topps,1989 Topps,,RAW,https://storage.googleapis.com/collx-product-images/1114922216639906816-1-Hbay.jpg,https://storage.googleapis.com/collx-product-images/1114922216639906816-2-vytq.jpg,0.50,0.5,,,Blackmagicdesign,,1
7/20/26,1114922207202722816,Baseball,740,Dan Plesac,Milwaukee Brewers,1989,Topps,1989 Topps,,RAW,https://storage.googleapis.com/collx-product-images/1114922207202722816-1-ofbE.jpg,https://storage.googleapis.com/collx-product-images/1114922207202722816-2-epHq.jpg,0.99,1,,,Blackmagicdesign,,1
7/20/26,1114922211430581248,Baseball,88,Darryl Hamilton,Milwaukee Brewers,1989,Topps,1989 Topps,RC,RAW,https://storage.googleapis.com/collx-product-images/1114922211430581248-1-HQU.jpg,https://storage.googleapis.com/collx-product-images/1114922211430581248-2-HCU.jpg,1.64,1.5,,,Blackmagicdesign,,1
7/20/26,1114922198260466688,Baseball,225,Corbin Burnes,Milwaukee Brewers,2023,Topps,2023 Topps,,RAW,https://storage.googleapis.com/collx-product-images/1114922198260466688-1-95To.jpg,https://storage.googleapis.com/collx-product-images/1114922198260466688-2-OW6R.jpg,0.10,0.25,,,Blackmagicdesign,,1
7/20/26,1114922202832258048,Baseball,718,Glenn Braggs,Milwaukee Brewers,1989,Topps,1989 Topps,,RAW,https://storage.googleapis.com/collx-product-images/1114922202832258048-1-B9i4.jpg,https://storage.googleapis.com/collx-product-images/1114922202832258048-2-aSo8.jpg,0.50,0.5,,,Blackmagicdesign,,1
7/20/26,1114922190282900480,Baseball,87,Ethan Small,Milwaukee Brewers,2023,Topps,2023 Topps,RC,RAW,https://storage.googleapis.com/collx-product-images/1114922190282900480-1-jN3h.jpg,https://storage.googleapis.com/collx-product-images/1114922190282900480-2-RjcW.jpg,0.27,0.5,,,Blackmagicdesign,,1
7/20/26,1114922194049385472,Baseball,109,Eric Lauer,Milwaukee Brewers,2023,Topps,2023 Topps,,RAW,https://storage.googleapis.com/collx-product-images/1114922194049385472-1-5jd4.jpg,https://storage.googleapis.com/collx-product-images/1114922194049385472-2-S7x.jpg,0.99,1,,,Blackmagicdesign,,1
7/20/26,1114922182011732992,Baseball,2T88-14,Garrett Mitchell,Milwaukee Brewers,2023,Topps,2023 Topps - 1988 Topps Baseball 35th Anniversary (Series Two),,RAW,https://storage.googleapis.com/collx-product-images/1114922182011732992-1-J5ye.jpg,https://storage.googleapis.com/collx-product-images/1114922182011732992-2-PlQh.jpg,1.39,1.5,,,Blackmagicdesign,,1
7/20/26,1114922185778217984,Baseball,28,Garrett Mitchell,Milwaukee Brewers,2025,Topps,2025 Topps Chrome,,RAW,https://storage.googleapis.com/collx-product-images/1114922185778217984-1-7Ymt.jpg,https://storage.googleapis.com/collx-product-images/1114922185778217984-2-fNnn.jpg,0.99,1,,,Blackmagicdesign,,1
7/20/26,1114922169764365312,Baseball,199,Connor Norby,Miami Marlins,2025,Topps,2025 Topps Chrome,RC,RAW,https://storage.googleapis.com/collx-product-images/1114922169764365312-1-o0D7.jpg,https://storage.googleapis.com/collx-product-images/1114922169764365312-2-Qbk5.jpg,3.00,3,,,Blackmagicdesign,,1
7/20/26,1114922173430187008,Baseball,321,Garrett Cooper,Miami Marlins,2023,Topps,2023 Topps,,RAW,https://storage.googleapis.com/collx-product-images/1114922173430187008-1-tv1m.jpg,https://storage.googleapis.com/collx-product-images/1114922173430187008-2-nLVr.jpg,0.99,1,,,Blackmagicdesign,,1
7/20/26,1114922177515439104,Baseball,371,Edward Cabrera,Miami Marlins,2025,Topps,2025 Topps,,RAW,https://storage.googleapis.com/collx-product-images/1114922177515439104-1-qACu.jpg,https://storage.googleapis.com/collx-product-images/1114922177515439104-2-Qin.jpg,0.99,1,,,Blackmagicdesign,,1
7/20/26,1114922162550162432,Baseball,BCP-19,Fabian Lopez,Miami Marlins,2025,Bowman,2025 Bowman - Chrome Prospects,,RAW,https://storage.googleapis.com/collx-product-images/1114922162550162432-1-fTye.jpg,https://storage.googleapis.com/collx-product-images/1114922162550162432-2-z9wl.jpg,1.50,1.5,,,Blackmagicdesign,,1
7/20/26,1114922166249538560,Baseball,661,Dwight Gooden,New York Mets,1989,Topps,1989 Topps,,RAW,https://storage.googleapis.com/collx-product-images/1114922166249538560-1-OTD3.jpg,https://storage.googleapis.com/collx-product-images/1114922166249538560-2-da1p.jpg,0.06,0.25,,,Blackmagicdesign,,1
7/20/26,1114922154497098752,Baseball,277,Hunter Feduccia,Los Angeles Dodgers,2025,Topps,2025 Topps Heritage,RC,RAW,https://storage.googleapis.com/collx-product-images/1114922154497098752-1-2FGl.jpg,https://storage.googleapis.com/collx-product-images/1114922154497098752-2-lH7r.jpg,1.00,1,,,Blackmagicdesign,,1
7/20/26,1114922158951449600,Baseball,23,Freddie Freeman,Los Angeles Dodgers,2025,Topps,2025 Topps Chrome - Prism Refractors,,RAW,https://storage.googleapis.com/collx-product-images/1114922158951449600-1-hoMX.jpg,https://storage.googleapis.com/collx-product-images/1114922158951449600-2-cjnR.jpg,1.44,1.5,,,Blackmagicdesign,,1
7/20/26,1114922146108490752,Baseball,55,Jace Jung,Detroit Tigers,2025,Topps,2025 Topps All-Star Game,RC,RAW,https://storage.googleapis.com/collx-product-images/1114922146108490752-1-abg.jpg,https://storage.googleapis.com/collx-product-images/1114922146108490752-2-b9Iv.jpg,1.31,1.5,,,Blackmagicdesign,,1
7/20/26,1114922149824644096,Baseball,63,Gustavo Campero,Los Angeles Angels,2025,Topps,2025 Topps Chrome - X-Fractors,RC,RAW,https://storage.googleapis.com/collx-product-images/1114922149824644096-1-OLV.jpg,https://storage.googleapis.com/collx-product-images/1114922149824644096-2-b4J.jpg,0.99,1,,,Blackmagicdesign,,1
7/20/26,1114922071105946624,Baseball,172,Byron Buxton,Minnesota Twins,2025,Topps,2025 Topps Chrome,,RAW,https://storage.googleapis.com/collx-product-images/1114922071105946624-1-k4P3.jpg,https://storage.googleapis.com/collx-product-images/1114922071105946624-2-Ta2E.jpg,1.26,1.5,,,Blackmagicdesign,,1
7/20/26,1114922075644183552,Baseball,201,Carlos Rodriguez,Milwaukee Brewers,2025,Topps,2025 Topps Chrome - Refractors,RC,RAW,https://storage.googleapis.com/collx-product-images/1114922075644183552-1-jy8F.jpg,https://storage.googleapis.com/collx-product-images/1114922075644183552-2-T8WP.jpg,0.75,1,,,Blackmagicdesign,,1
7/20/26,1114922063002551296,Baseball,383,Bryse Wilson,Milwaukee Brewers,2023,Topps,2023 Topps,,RAW,https://storage.googleapis.com/collx-product-images/1114922063002551296-1-9ym.jpg,https://storage.googleapis.com/collx-product-images/1114922063002551296-2-Zb57.jpg,1.39,1.5,,,Blackmagicdesign,,1
7/20/26,1114922066844533760,Baseball,SMLB-48,Carlos Correa,Minnesota Twins,2023,Topps,2023 Topps - Stars of MLB,,RAW,https://storage.googleapis.com/collx-product-images/1114922066844533760-1-9cBd.jpg,https://storage.googleapis.com/collx-product-images/1114922066844533760-2-YcOe.jpg,1.00,1,,,Blackmagicdesign,,1
7/20/26,1114922055016596480,Baseball,201,Carlos Rodriguez,Milwaukee Brewers,2025,Topps,2025 Topps Chrome,RC,RAW,https://storage.googleapis.com/collx-product-images/1114922055016596480-1-499X.jpg,https://storage.googleapis.com/collx-product-images/1114922055016596480-2-Suhs.jpg,1.75,2,,,Blackmagicdesign,,1
7/20/26,1114922058682418176,Baseball,89,Christian Yelich,Milwaukee Brewers,2025,Topps,2025 Topps Chrome,,RAW,https://storage.googleapis.com/collx-product-images/1114922058682418176-1-NuYv.jpg,https://storage.googleapis.com/collx-product-images/1114922058682418176-2-YQv.jpg,1.24,1,,,Blackmagicdesign,,1
7/20/26,1114922046552491008,Baseball,89,Christian Yelich,Milwaukee Brewers,2025,Topps,2025 Topps Chrome,,RAW,https://storage.googleapis.com/collx-product-images/1114922046552491008-1-y6O4.jpg,https://storage.googleapis.com/collx-product-images/1114922046552491008-2-X1w.jpg,1.24,1,,,Blackmagicdesign,,1
7/20/26,1114922051023619072,Baseball,89,Christian Yelich,Milwaukee Brewers,2025,Topps,2025 Topps Chrome - Refractors,,RAW,https://storage.googleapis.com/collx-product-images/1114922051023619072-1-wfsj.jpg,https://storage.googleapis.com/collx-product-images/1114922051023619072-2-HliG.jpg,,1,,,Blackmagicdesign,,1
7/20/26,1114922038348432384,Baseball,214,Charlie O'Brien,Milwaukee Brewers,1989,Topps,1989 Topps,,RAW,https://storage.googleapis.com/collx-product-images/1114922038348432384-1-rxG6.jpg,https://storage.googleapis.com/collx-product-images/1114922038348432384-2-MA9M.jpg,0.40,0.5,,,Blackmagicdesign,,1
7/20/26,1114922041896813568,Baseball,89,Christian Yelich,Milwaukee Brewers,2025,Topps,2025 Topps Chrome,,RAW,https://storage.googleapis.com/collx-product-images/1114922041896813568-1-tZQn.jpg,https://storage.googleapis.com/collx-product-images/1114922041896813568-2-ZSBR.jpg,1.24,1,,,Blackmagicdesign,,1
7/20/26,1114922030815462400,Baseball,192,Christian Yelich,Milwaukee Brewers,2023,Topps,2023 Topps,,RAW,https://storage.googleapis.com/collx-product-images/1114922030815462400-1-eOU9.jpg,https://storage.googleapis.com/collx-product-images/1114922030815462400-2-7BtP.jpg,0.22,0.25,,,Blackmagicdesign,,1
7/20/26,1114922034565170176,Baseball,214,Charlie O'Brien,Milwaukee Brewers,1989,Topps,1989 Topps,,RAW,https://storage.googleapis.com/collx-product-images/1114922034565170176-1-jNsE.jpg,https://storage.googleapis.com/collx-product-images/1114922034565170176-2-1PZq.jpg,0.40,0.5,,,Blackmagicdesign,,1
7/20/26,1114922021764154368,Baseball,446,Charles Leblanc,Miami Marlins,2023,Topps,2023 Topps,RC,RAW,https://storage.googleapis.com/collx-product-images/1114922021764154368-1-7WUb.jpg,https://storage.googleapis.com/collx-product-images/1114922021764154368-2-ktf4.jpg,0.12,0.25,,,Blackmagicdesign,,1
7/20/26,1114922026688267264,Baseball,201,Carlos Rodriguez,Milwaukee Brewers,2025,Topps,2025 Topps Chrome - X-Fractors,RC,RAW,https://storage.googleapis.com/collx-product-images/1114922026688267264-1-97VZ.jpg,https://storage.googleapis.com/collx-product-images/1114922026688267264-2-yej5.jpg,1.25,1.5,,,Blackmagicdesign,,1
7/20/26,1114922013602038784,Baseball,26,Connor Gillispie,Miami Marlins,2025,Topps,2025 Topps Chrome,RC,RAW,https://storage.googleapis.com/collx-product-images/1114922013602038784-1-8CNp.jpg,https://storage.googleapis.com/collx-product-images/1114922013602038784-2-uYxr.jpg,0.35,0.5,,,Blackmagicdesign,,1
7/20/26,1114922017578238976,Baseball,446,Charles Leblanc,Miami Marlins,2023,Topps,2023 Topps,RC,RAW,https://storage.googleapis.com/collx-product-images/1114922017578238976-1-NN4.jpg,https://storage.googleapis.com/collx-product-images/1114922017578238976-2-xM8w.jpg,0.12,0.25,,,Blackmagicdesign,,1
7/20/26,1114922006152954880,Baseball,SMLB-48,Carlos Correa,Minnesota Twins,2023,Topps,2023 Topps - Stars of MLB,,RAW,https://storage.googleapis.com/collx-product-images/1114922006152954880-1-guIJ.jpg,https://storage.googleapis.com/collx-product-images/1114922006152954880-2-q7ui.jpg,1.00,1,,,Blackmagicdesign,,1
7/20/26,1114922009642615808,Baseball,26,Connor Gillispie,Miami Marlins,2025,Topps,2025 Topps Chrome,RC,RAW,https://storage.googleapis.com/collx-product-images/1114922009642615808-1-S2tL.jpg,https://storage.googleapis.com/collx-product-images/1114922009642615808-2-ojY8.jpg,0.35,0.5,,,Blackmagicdesign,,1
7/20/26,1114921997160367104,Baseball,28,Clayton Kershaw,Los Angeles Dodgers,2025,Topps,2025 Topps All-Star Game,,RAW,https://storage.googleapis.com/collx-product-images/1114921997160367104-1-uB9b.jpg,https://storage.googleapis.com/collx-product-images/1114921997160367104-2-h3FO.jpg,1.79,1.88,,,Blackmagicdesign,,1
7/20/26,1114922001514054656,Baseball,172,Byron Buxton,Minnesota Twins,2025,Topps,2025 Topps Chrome - Prism Refractors,,RAW,https://storage.googleapis.com/collx-product-images/1114922001514054656-1-Ad2C.jpg,https://storage.googleapis.com/collx-product-images/1114922001514054656-2-9xTc.jpg,0.99,1,,,Blackmagicdesign,,1
7/20/26,1114921985324041216,Baseball,GL-4,Cam Smith,Houston Astros,2025,Bowman,2025 Bowman - Greatness Loading,,RAW,https://storage.googleapis.com/collx-product-images/1114921985324041216-1-y4AG.jpg,https://storage.googleapis.com/collx-product-images/1114921985324041216-2-kM4e.jpg,1.20,1,,,Blackmagicdesign,,1
7/20/26,1114921989266686976,Baseball,GL-19,Christian Moore,Los Angeles Angels,2025,Bowman,2025 Bowman - Greatness Loading,,RAW,https://storage.googleapis.com/collx-product-images/1114921989266686976-1-HaaB.jpg,https://storage.googleapis.com/collx-product-images/1114921989266686976-2-5Dm.jpg,0.99,1,,,Blackmagicdesign,,1
7/20/26,1114921993133835264,Baseball,245,Caden Dana,Los Angeles Angels,2025,Topps,2025 Topps Chrome - X-Fractors,RC,RAW,https://storage.googleapis.com/collx-product-images/1114921993133835264-1-zLSW.jpg,https://storage.googleapis.com/collx-product-images/1114921993133835264-2-ScEK.jpg,0.99,1,,,Blackmagicdesign,,1
7/20/26,1114921977203868672,Baseball,279,Christian Walker,Houston Astros,2025,Topps,2025 Topps Chrome - RayWave Refractors,,RAW,https://storage.googleapis.com/collx-product-images/1114921977203868672-1-5Gv.jpg,https://storage.googleapis.com/collx-product-images/1114921977203868672-2-9gT4.jpg,1.49,1.5,,,Blackmagicdesign,,1
7/20/26,1114921981247177728,Baseball,146,Cam Smith,Houston Astros,2025,,2025 Finest - Checkerboard Refractors,RC,RAW,https://storage.googleapis.com/collx-product-images/1114921981247177728-1-352l.jpg,https://storage.googleapis.com/collx-product-images/1114921981247177728-2-yBKZ.jpg,3.00,3,,,Blackmagicdesign,,1
7/20/26,1114921912317985792,Baseball,234,Brooks Lee,Minnesota Twins,2025,Topps,2025 Topps Chrome - Refractors,RC,RAW,https://storage.googleapis.com/collx-product-images/1114921912317985792-1-K9vA.jpg,https://storage.googleapis.com/collx-product-images/1114921912317985792-2-tiu8.jpg,2.00,2,,,Blackmagicdesign,,1
7/20/26,1114921903635776512,Baseball,109,Brice Turang,Milwaukee Brewers,2025,Topps,2025 Topps Chrome,,RAW,https://storage.googleapis.com/collx-product-images/1114921903635776512-1-7xfj.jpg,https://storage.googleapis.com/collx-product-images/1114921903635776512-2-OaUt.jpg,1.07,1,,,Blackmagicdesign,,1
7/20/26,1114921907989464064,Baseball,648,Aaron Civale,Milwaukee Brewers,2025,Topps,2025 Topps,,RAW,https://storage.googleapis.com/collx-product-images/1114921907989464064-1-WoXy.jpg,https://storage.googleapis.com/collx-product-images/1114921907989464064-2-nxJ9.jpg,0.25,0.5,,,Blackmagicdesign,,1
7/20/26,1114921895096173568,Baseball,33,B.J. Surhoff,Milwaukee Brewers,1989,Topps,1989 Topps,,RAW,https://storage.googleapis.com/collx-product-images/1114921895096173568-1-RK7.jpg,https://storage.googleapis.com/collx-product-images/1114921895096173568-2-XH6.jpg,1.29,1.5,,,Blackmagicdesign,,1
7/20/26,1114921899600856064,Baseball,109,Brice Turang,Milwaukee Brewers,2025,Topps,2025 Topps Chrome,,RAW,https://storage.googleapis.com/collx-product-images/1114921899600856064-1-yCh.jpg,https://storage.googleapis.com/collx-product-images/1114921899600856064-2-EsJt.jpg,1.07,1,,,Blackmagicdesign,,1
7/20/26,1114921887043109888,Baseball,33,B.J. Surhoff,Milwaukee Brewers,1989,Topps,1989 Topps,,RAW,https://storage.googleapis.com/collx-product-images/1114921887043109888-1-0IuN.jpg,https://storage.googleapis.com/collx-product-images/1114921887043109888-2-Qsvi.jpg,1.29,1.5,,,Blackmagicdesign,,1
7/20/26,1114921890767651840,Baseball,759,Brewers Leaders,Milwaukee Brewers,1989,Topps,1989 Topps,,RAW,https://storage.googleapis.com/collx-product-images/1114921890767651840-1-AKLa.jpg,https://storage.googleapis.com/collx-product-images/1114921890767651840-2-Bp4o.jpg,0.05,0.25,,,Blackmagicdesign,,1
7/20/26,1114921878402843648,Baseball,530,Brice Turang,Milwaukee Brewers,2023,Topps,2023 Topps,RC,RAW,https://storage.googleapis.com/collx-product-images/1114921878402843648-1-3W5x.jpg,https://storage.googleapis.com/collx-product-images/1114921878402843648-2-5Ss.jpg,1.05,1,,,Blackmagicdesign,,1
7/20/26,1114921883268236288,Baseball,759,Brewers Leaders,Milwaukee Brewers,1989,Topps,1989 Topps,,RAW,https://storage.googleapis.com/collx-product-images/1114921883268236288-1-coEd.jpg,https://storage.googleapis.com/collx-product-images/1114921883268236288-2-TFEo.jpg,0.05,0.25,,,Blackmagicdesign,,1
7/20/26,1114921870316225536,Baseball,457,Brewers Get Rowdy,Milwaukee Brewers,2023,Topps,2023 Topps,,RAW,https://storage.googleapis.com/collx-product-images/1114921870316225536-1-mn08.jpg,https://storage.googleapis.com/collx-product-images/1114921870316225536-2-8SDg.jpg,1.59,1.5,,,Blackmagicdesign,,1
7/20/26,1114921874460197888,Baseball,480,Brian Anderson,Milwaukee Brewers,2023,Topps,2023 Topps,,RAW,https://storage.googleapis.com/collx-product-images/1114921874460197888-1-2vXR.jpg,https://storage.googleapis.com/collx-product-images/1114921874460197888-2-NwCS.jpg,0.99,1,,,Blackmagicdesign,,1
7/20/26,1114921861113922560,Baseball,109,Brice Turang,Milwaukee Brewers,2025,Topps,2025 Topps Chrome,,RAW,https://storage.googleapis.com/collx-product-images/1114921861113922560-1-KoL0.jpg,https://storage.googleapis.com/collx-product-images/1114921861113922560-2-f6E.jpg,1.07,1,,,Blackmagicdesign,,1
7/20/26,1114921865870263296,Baseball,109,Brice Turang,Milwaukee Brewers,2025,Topps,2025 Topps Chrome,,RAW,https://storage.googleapis.com/collx-product-images/1114921865870263296-1-oVg5.jpg,https://storage.googleapis.com/collx-product-images/1114921865870263296-2-fmc.jpg,1.07,1,,,Blackmagicdesign,,1
7/20/26,1114921852540765184,Baseball,599,Bryan De La Cruz,Miami Marlins,2023,Topps,2023 Topps,,RAW,https://storage.googleapis.com/collx-product-images/1114921852540765184-1-fTJj.jpg,https://storage.googleapis.com/collx-product-images/1114921852540765184-2-ZDCk.jpg,1.00,1,,,Blackmagicdesign,,1
7/20/26,1114921856491799552,Baseball,109,Brice Turang,Milwaukee Brewers,2025,Topps,2025 Topps Chrome - RayWave Refractors,,RAW,https://storage.googleapis.com/collx-product-images/1114921856491799552-1-NuXJ.jpg,https://storage.googleapis.com/collx-product-images/1114921856491799552-2-Km3z.jpg,1.49,1.5,,,Blackmagicdesign,,1
7/20/26,1114921844689028096,Baseball,606,Avisaíl García,Miami Marlins,2023,Topps,2023 Topps,,RAW,https://storage.googleapis.com/collx-product-images/1114921844689028096-1-rbxD.jpg,https://storage.googleapis.com/collx-product-images/1114921844689028096-2-cX89.jpg,0.15,0.25,,,Blackmagicdesign,,1
7/20/26,1114921848791057408,Baseball,599,Bryan De La Cruz,Miami Marlins,2023,Topps,2023 Topps,,RAW,https://storage.googleapis.com/collx-product-images/1114921848791057408-1-SRot.jpg,https://storage.googleapis.com/collx-product-images/1114921848791057408-2-kCKe.jpg,1.00,1,,,Blackmagicdesign,,1
7/20/26,1114921836384306176,Baseball,84,Bill Bene,Los Angeles Dodgers,1989,Topps,1989 Topps,RC,RAW,https://storage.googleapis.com/collx-product-images/1114921836384306176-1-uqBE.jpg,https://storage.googleapis.com/collx-product-images/1114921836384306176-2-KgLw.jpg,1.25,1.5,,,Blackmagicdesign,,1
7/20/26,1114921840855434240,Baseball,679,Brandon Kintzler,Miami Marlins,2020,Topps,2020 Topps Heritage,,RAW,https://storage.googleapis.com/collx-product-images/1114921840855434240-1-iCbp.jpg,https://storage.googleapis.com/collx-product-images/1114921840855434240-2-0k77.jpg,1.45,1.5,,,Blackmagicdesign,,1
7/20/26,1114921827970532352,Baseball,404,Bob Boone,California Angels,1989,Topps,1989 Topps,,RAW,https://storage.googleapis.com/collx-product-images/1114921827970532352-1-d3PJ.jpg,https://storage.googleapis.com/collx-product-images/1114921827970532352-2-t42.jpg,0.06,0.25,,,Blackmagicdesign,,1
7/20/26,1114921832382940160,Baseball,404,Bob Boone,California Angels,1989,Topps,1989 Topps,,RAW,https://storage.googleapis.com/collx-product-images/1114921832382940160-1-0NWQ.jpg,https://storage.googleapis.com/collx-product-images/1114921832382940160-2-CyAS.jpg,0.06,0.25,,,Blackmagicdesign,,1
7/20/26,1114921820219458560,Baseball,770,Alan Trammell,Detroit Tigers,1989,Topps,1989 Topps,,RAW,https://storage.googleapis.com/collx-product-images/1114921820219458560-1-jBcE.jpg,https://storage.googleapis.com/collx-product-images/1114921820219458560-2-R9uo.jpg,0.54,0.5,,,Blackmagicdesign,,1
7/20/26,1114921823826560000,Baseball,400,Alan Trammell,Detroit Tigers,1989,Topps,1989 Topps,,RAW,https://storage.googleapis.com/collx-product-images/1114921823826560000-1-ibeo.jpg,https://storage.googleapis.com/collx-product-images/1114921823826560000-2-txz.jpg,0.20,0.25,,,Blackmagicdesign,,1
7/20/26,1114921811679855616,Baseball,400,Alan Trammell,Detroit Tigers,1989,Topps,1989 Topps,,RAW,https://storage.googleapis.com/collx-product-images/1114921811679855616-1-WVIy.jpg,https://storage.googleapis.com/collx-product-images/1114921811679855616-2-G4x5.jpg,0.20,0.25,,,Blackmagicdesign,,1
7/20/26,1114921815949657088,Baseball,770,Alan Trammell,Detroit Tigers,1989,Topps,1989 Topps,,RAW,https://storage.googleapis.com/collx-product-images/1114921815949657088-1-EJRg.jpg,https://storage.googleapis.com/collx-product-images/1114921815949657088-2-Ayv.jpg,0.54,0.5,,,Blackmagicdesign,,1
